competition,season,round,date,kickoff_time,home_team,away_team,home_score,away_score,ht_home_score,ht_away_score,winner,home_goals_minutes,away_goals_minutes,home_shots,away_shots,home_shots_on_target,away_shots_on_target,home_xg,away_xg,home_corners,away_corners,home_yellow_cards,away_yellow_cards,home_red_cards,away_red_cards,home_possession,away_possession,source_name,source_url,secondary_source_url,collected_at,confidence
Brasileirão Série A,2024,1,2024-04-13,18:30,Internacional,Bahia,2,1,,,Internacional,,,,,,,,,,,,,,,,,CBF / ge historical match matrix,https://www.cbf.com.br/futebol-brasileiro/tabelas/campeonato-brasileiro/serie-a/2024?documento=Tabela+Detalhada,https://github.com/williamorim/brasileirao,2026-09-10T19:36:00-03:00,HIGH
Brasileirão Série A,2024,1,2024-04-13,18:33,Criciúma,Juventude,1,1,,,DRAW,,,,,,,,,,,,,,,,,CBF / ge historical match matrix,https://www.cbf.com.br/futebol-brasileiro/tabelas/campeonato-brasileiro/serie-a/2024?documento=Tabela+Detalhada,https://github.com/williamorim/brasileirao,2026-09-10T19:36:00-03:00,HIGH
Brasileirão Série A,2024,1,2024-04-13,21:00,Fluminense,Bragantino,2,2,,,DRAW,,,,,,,,,,,,,,,,,CBF / ge historical match matrix,https://www.cbf.com.br/futebol-brasileiro/tabelas/campeonato-brasileiro/serie-a/2024?documento=Tabela+Detalhada,https://github.com/williamorim/brasileirao,2026-09-10T19:36:00-03:00,HIGH
Brasileirão Série A,2024,1,2024-04-13,21:03,São Paulo,Fortaleza,1,2,,,Fortaleza,,,,,,,,,,,,,,,,,CBF / ge historical match matrix,https://www.cbf.com.br/futebol-brasileiro/tabelas/campeonato-brasileiro/serie-a/2024?documento=Tabela+Detalhada,https://github.com/williamorim/brasileirao,2026-09-10T19:36:00-03:00,HIGH
Brasileirão Série A,2024,1,2024-04-14,16:00,Athletico-PR,Cuiabá,4,0,,,Athletico-PR,,,,,,,,,,,,,,,,,CBF / ge historical match matrix,https://www.cbf.com.br/futebol-brasileiro/tabelas/campeonato-brasileiro/serie-a/2024?documento=Tabela+Detalhada,https://github.com/williamorim/brasileirao,2026-09-10T19:36:00-03:00,HIGH
Brasileirão Série A,2024,1,2024-04-14,16:02,Atlético-GO,Flamengo,1,2,,,Flamengo,,,,,,,,,,,,,,,,,CBF / ge historical match matrix,https://www.cbf.com.br/futebol-brasileiro/tabelas/campeonato-brasileiro/serie-a/2024?documento=Tabela+Detalhada,https://github.com/williamorim/brasileirao,2026-09-10T19:36:00-03:00,HIGH
Brasileirão Série A,2024,1,2024-04-14,16:02,Corinthians,Atlético-MG,0,0,,,DRAW,,,,,,,,,,,,,,,,,CBF / ge historical match matrix,https://www.cbf.com.br/futebol-brasileiro/tabelas/campeonato-brasileiro/serie-a/2024?documento=Tabela+Detalhada,https://github.com/williamorim/brasileirao,2026-09-10T19:36:00-03:00,HIGH
Brasileirão Série A,2024,1,2024-04-14,16:02,Vasco,Grêmio,2,1,,,Vasco,,,,,,,,,,,,,,,,,CBF / ge historical match matrix,https://www.cbf.com.br/futebol-brasileiro/tabelas/campeonato-brasileiro/serie-a/2024?documento=Tabela+Detalhada,https://github.com/williamorim/brasileirao,2026-09-10T19:36:00-03:00,HIGH
Brasileirão Série A,2024,1,2024-04-14,17:00,Cruzeiro,Botafogo,3,2,,,Cruzeiro,,,,,,,,,,,,,,,,,CBF / ge historical match matrix,https://www.cbf.com.br/futebol-brasileiro/tabelas/campeonato-brasileiro/serie-a/2024?documento=Tabela+Detalhada,https://github.com/williamorim/brasileirao,2026-09-10T19:36:00-03:00,HIGH
Brasileirão Série A,2024,1,2024-04-14,18:33,Vitória,Palmeiras,0,1,,,Palmeiras,,,,,,,,,,,,,,,,,CBF / ge historical match matrix,https://www.cbf.com.br/futebol-brasileiro/tabelas/campeonato-brasileiro/serie-a/2024?documento=Tabela+Detalhada,https://github.com/williamorim/brasileirao,2026-09-10T19:36:00-03:00,HIGH
Brasileirão Série A,2024,2,2024-04-16,21:31,Bahia,Fluminense,2,1,,,Bahia,,,,,,,,,,,,,,,,,CBF / ge historical match matrix,https://www.cbf.com.br/futebol-brasileiro/tabelas/campeonato-brasileiro/serie-a/2024?documento=Tabela+Detalhada,https://github.com/williamorim/brasileirao,2026-09-10T19:36:00-03:00,HIGH
Brasileirão Série A,2024,2,2024-04-17,19:00,Grêmio,Athletico-PR,2,0,,,Grêmio,,,,,,,,,,,,,,,,,CBF / ge historical match matrix,https://www.cbf.com.br/futebol-brasileiro/tabelas/campeonato-brasileiro/serie-a/2024?documento=Tabela+Detalhada,https://github.com/williamorim/brasileirao,2026-09-10T19:36:00-03:00,HIGH
Brasileirão Série A,2024,2,2024-04-17,19:02,Bragantino,Vasco,2,1,,,Bragantino,,,,,,,,,,,,,,,,,CBF / ge historical match matrix,https://www.cbf.com.br/futebol-brasileiro/tabelas/campeonato-brasileiro/serie-a/2024?documento=Tabela+Detalhada,https://github.com/williamorim/brasileirao,2026-09-10T19:36:00-03:00,HIGH
Brasileirão Série A,2024,2,2024-04-17,19:59,Atlético-MG,Criciúma,1,1,,,DRAW,,,,,,,,,,,,,,,,,CBF / ge historical match matrix,https://www.cbf.com.br/futebol-brasileiro/tabelas/campeonato-brasileiro/serie-a/2024?documento=Tabela+Detalhada,https://github.com/williamorim/brasileirao,2026-09-10T19:36:00-03:00,HIGH
Brasileirão Série A,2024,2,2024-04-17,20:00,Fortaleza,Cruzeiro,1,1,,,DRAW,,,,,,,,,,,,,,,,,CBF / ge historical match matrix,https://www.cbf.com.br/futebol-brasileiro/tabelas/campeonato-brasileiro/serie-a/2024?documento=Tabela+Detalhada,https://github.com/williamorim/brasileirao,2026-09-10T19:36:00-03:00,HIGH
Brasileirão Série A,2024,2,2024-04-17,20:01,Juventude,Corinthians,2,0,,,Juventude,,,,,,,,,,,,,,,,,CBF / ge historical match matrix,https://www.cbf.com.br/futebol-brasileiro/tabelas/campeonato-brasileiro/serie-a/2024?documento=Tabela+Detalhada,https://github.com/williamorim/brasileirao,2026-09-10T19:36:00-03:00,HIGH
Brasileirão Série A,2024,2,2024-04-17,20:02,Palmeiras,Internacional,0,1,,,Internacional,,,,,,,,,,,,,,,,,CBF / ge historical match matrix,https://www.cbf.com.br/futebol-brasileiro/tabelas/campeonato-brasileiro/serie-a/2024?documento=Tabela+Detalhada,https://github.com/williamorim/brasileirao,2026-09-10T19:36:00-03:00,HIGH
Brasileirão Série A,2024,2,2024-04-17,21:30,Flamengo,São Paulo,2,1,,,Flamengo,,,,,,,,,,,,,,,,,CBF / ge historical match matrix,https://www.cbf.com.br/futebol-brasileiro/tabelas/campeonato-brasileiro/serie-a/2024?documento=Tabela+Detalhada,https://github.com/williamorim/brasileirao,2026-09-10T19:36:00-03:00,HIGH
Brasileirão Série A,2024,2,2024-04-18,21:31,Botafogo,Atlético-GO,1,0,,,Botafogo,,,,,,,,,,,,,,,,,CBF / ge historical match matrix,https://www.cbf.com.br/futebol-brasileiro/tabelas/campeonato-brasileiro/serie-a/2024?documento=Tabela+Detalhada,https://github.com/williamorim/brasileirao,2026-09-10T19:36:00-03:00,HIGH
Brasileirão Série A,2024,2,2024-06-05,20:00,Cuiabá,Vitória,0,0,,,DRAW,,,,,,,,,,,,,,,,,CBF / ge historical match matrix,https://www.cbf.com.br/futebol-brasileiro/tabelas/campeonato-brasileiro/serie-a/2024?documento=Tabela+Detalhada,https://github.com/williamorim/brasileirao,2026-09-10T19:36:00-03:00,HIGH
Brasileirão Série A,2024,3,2024-04-20,15:59,Fluminense,Vasco,2,1,,,Fluminense,,,,,,,,,,,,,,,,,CBF / ge historical match matrix,https://www.cbf.com.br/futebol-brasileiro/tabelas/campeonato-brasileiro/serie-a/2024?documento=Tabela+Detalhada,https://github.com/williamorim/brasileirao,2026-09-10T19:36:00-03:00,HIGH
Brasileirão Série A,2024,3,2024-04-20,18:30,Grêmio,Cuiabá,1,0,,,Grêmio,,,,,,,,,,,,,,,,,CBF / ge historical match matrix,https://www.cbf.com.br/futebol-brasileiro/tabelas/campeonato-brasileiro/serie-a/2024?documento=Tabela+Detalhada,https://github.com/williamorim/brasileirao,2026-09-10T19:36:00-03:00,HIGH
Brasileirão Série A,2024,3,2024-04-20,18:31,Bragantino,Corinthians,1,0,,,Bragantino,,,,,,,,,,,,,,,,,CBF / ge historical match matrix,https://www.cbf.com.br/futebol-brasileiro/tabelas/campeonato-brasileiro/serie-a/2024?documento=Tabela+Detalhada,https://github.com/williamorim/brasileirao,2026-09-10T19:36:00-03:00,HIGH
Brasileirão Série A,2024,3,2024-04-20,21:00,Atlético-MG,Cruzeiro,3,0,,,Atlético-MG,,,,,,,,,,,,,,,,,CBF / ge historical match matrix,https://www.cbf.com.br/futebol-brasileiro/tabelas/campeonato-brasileiro/serie-a/2024?documento=Tabela+Detalhada,https://github.com/williamorim/brasileirao,2026-09-10T19:36:00-03:00,HIGH
Brasileirão Série A,2024,3,2024-04-21,16:01,Palmeiras,Flamengo,0,0,,,DRAW,,,,,,,,,,,,,,,,,CBF / ge historical match matrix,https://www.cbf.com.br/futebol-brasileiro/tabelas/campeonato-brasileiro/serie-a/2024?documento=Tabela+Detalhada,https://github.com/williamorim/brasileirao,2026-09-10T19:36:00-03:00,HIGH
Brasileirão Série A,2024,3,2024-04-21,16:01,Vitória,Bahia,2,2,,,DRAW,,,,,,,,,,,,,,,,,CBF / ge historical match matrix,https://www.cbf.com.br/futebol-brasileiro/tabelas/campeonato-brasileiro/serie-a/2024?documento=Tabela+Detalhada,https://github.com/williamorim/brasileirao,2026-09-10T19:36:00-03:00,HIGH
Brasileirão Série A,2024,3,2024-04-21,18:06,Athletico-PR,Internacional,1,0,,,Athletico-PR,,,,,,,,,,,,,,,,,CBF / ge historical match matrix,https://www.cbf.com.br/futebol-brasileiro/tabelas/campeonato-brasileiro/serie-a/2024?documento=Tabela+Detalhada,https://github.com/williamorim/brasileirao,2026-09-10T19:36:00-03:00,HIGH
Brasileirão Série A,2024,3,2024-04-21,18:29,Atlético-GO,São Paulo,0,3,,,São Paulo,,,,,,,,,,,,,,,,,CBF / ge historical match matrix,https://www.cbf.com.br/futebol-brasileiro/tabelas/campeonato-brasileiro/serie-a/2024?documento=Tabela+Detalhada,https://github.com/williamorim/brasileirao,2026-09-10T19:36:00-03:00,HIGH
Brasileirão Série A,2024,3,2024-04-21,18:31,Botafogo,Juventude,5,1,,,Botafogo,,,,,,,,,,,,,,,,,CBF / ge historical match matrix,https://www.cbf.com.br/futebol-brasileiro/tabelas/campeonato-brasileiro/serie-a/2024?documento=Tabela+Detalhada,https://github.com/williamorim/brasileirao,2026-09-10T19:36:00-03:00,HIGH
Brasileirão Série A,2024,3,2024-07-24,19:02,Criciúma,Fortaleza,1,1,,,DRAW,,,,,,,,,,,,,,,,,CBF / ge historical match matrix,https://www.cbf.com.br/futebol-brasileiro/tabelas/campeonato-brasileiro/serie-a/2024?documento=Tabela+Detalhada,https://github.com/williamorim/brasileirao,2026-09-10T19:36:00-03:00,HIGH
Brasileirão Série A,2024,4,2024-04-27,16:00,Vasco,Criciúma,0,4,,,Criciúma,,,,,,,,,,,,,,,,,CBF / ge historical match matrix,https://www.cbf.com.br/futebol-brasileiro/tabelas/campeonato-brasileiro/serie-a/2024?documento=Tabela+Detalhada,https://github.com/williamorim/brasileirao,2026-09-10T19:36:00-03:00,HIGH
Brasileirão Série A,2024,4,2024-04-27,18:30,Cuiabá,Atlético-MG,0,3,,,Atlético-MG,,,,,,,,,,,,,,,,,CBF / ge historical match matrix,https://www.cbf.com.br/futebol-brasileiro/tabelas/campeonato-brasileiro/serie-a/2024?documento=Tabela+Detalhada,https://github.com/williamorim/brasileirao,2026-09-10T19:36:00-03:00,HIGH
Brasileirão Série A,2024,4,2024-04-27,21:01,Bahia,Grêmio,1,0,,,Bahia,,,,,,,,,,,,,,,,,CBF / ge historical match matrix,https://www.cbf.com.br/futebol-brasileiro/tabelas/campeonato-brasileiro/serie-a/2024?documento=Tabela+Detalhada,https://github.com/williamorim/brasileirao,2026-09-10T19:36:00-03:00,HIGH
Brasileirão Série A,2024,4,2024-04-28,11:00,Flamengo,Botafogo,0,2,,,Botafogo,,,,,,,,,,,,,,,,,CBF / ge historical match matrix,https://www.cbf.com.br/futebol-brasileiro/tabelas/campeonato-brasileiro/serie-a/2024?documento=Tabela+Detalhada,https://github.com/williamorim/brasileirao,2026-09-10T19:36:00-03:00,HIGH
Brasileirão Série A,2024,4,2024-04-28,16:00,Cruzeiro,Vitória,3,1,,,Cruzeiro,,,,,,,,,,,,,,,,,CBF / ge historical match matrix,https://www.cbf.com.br/futebol-brasileiro/tabelas/campeonato-brasileiro/serie-a/2024?documento=Tabela+Detalhada,https://github.com/williamorim/brasileirao,2026-09-10T19:36:00-03:00,HIGH
Brasileirão Série A,2024,4,2024-04-28,16:01,Corinthians,Fluminense,3,0,,,Corinthians,,,,,,,,,,,,,,,,,CBF / ge historical match matrix,https://www.cbf.com.br/futebol-brasileiro/tabelas/campeonato-brasileiro/serie-a/2024?documento=Tabela+Detalhada,https://github.com/williamorim/brasileirao,2026-09-10T19:36:00-03:00,HIGH
Brasileirão Série A,2024,4,2024-04-28,18:30,Fortaleza,Bragantino,1,1,,,DRAW,,,,,,,,,,,,,,,,,CBF / ge historical match matrix,https://www.cbf.com.br/futebol-brasileiro/tabelas/campeonato-brasileiro/serie-a/2024?documento=Tabela+Detalhada,https://github.com/williamorim/brasileirao,2026-09-10T19:36:00-03:00,HIGH
Brasileirão Série A,2024,4,2024-04-28,18:30,Juventude,Athletico-PR,1,1,,,DRAW,,,,,,,,,,,,,,,,,CBF / ge historical match matrix,https://www.cbf.com.br/futebol-brasileiro/tabelas/campeonato-brasileiro/serie-a/2024?documento=Tabela+Detalhada,https://github.com/williamorim/brasileirao,2026-09-10T19:36:00-03:00,HIGH
Brasileirão Série A,2024,4,2024-04-28,20:00,Internacional,Atlético-GO,1,1,,,DRAW,,,,,,,,,,,,,,,,,CBF / ge historical match matrix,https://www.cbf.com.br/futebol-brasileiro/tabelas/campeonato-brasileiro/serie-a/2024?documento=Tabela+Detalhada,https://github.com/williamorim/brasileirao,2026-09-10T19:36:00-03:00,HIGH
Brasileirão Série A,2024,4,2024-04-29,20:04,São Paulo,Palmeiras,0,0,,,DRAW,,,,,,,,,,,,,,,,,CBF / ge historical match matrix,https://www.cbf.com.br/futebol-brasileiro/tabelas/campeonato-brasileiro/serie-a/2024?documento=Tabela+Detalhada,https://github.com/williamorim/brasileirao,2026-09-10T19:36:00-03:00,HIGH
Brasileirão Série A,2024,5,2024-05-04,16:02,Fluminense,Atlético-MG,2,2,,,DRAW,,,,,,,,,,,,,,,,,CBF / ge historical match matrix,https://www.cbf.com.br/futebol-brasileiro/tabelas/campeonato-brasileiro/serie-a/2024?documento=Tabela+Detalhada,https://github.com/williamorim/brasileirao,2026-09-10T19:36:00-03:00,HIGH
Brasileirão Série A,2024,5,2024-05-04,18:30,Bragantino,Flamengo,1,1,,,DRAW,,,,,,,,,,,,,,,,,CBF / ge historical match matrix,https://www.cbf.com.br/futebol-brasileiro/tabelas/campeonato-brasileiro/serie-a/2024?documento=Tabela+Detalhada,https://github.com/williamorim/brasileirao,2026-09-10T19:36:00-03:00,HIGH
Brasileirão Série A,2024,5,2024-05-04,21:00,Corinthians,Fortaleza,0,0,,,DRAW,,,,,,,,,,,,,,,,,CBF / ge historical match matrix,https://www.cbf.com.br/futebol-brasileiro/tabelas/campeonato-brasileiro/serie-a/2024?documento=Tabela+Detalhada,https://github.com/williamorim/brasileirao,2026-09-10T19:36:00-03:00,HIGH
Brasileirão Série A,2024,5,2024-05-05,16:01,Athletico-PR,Vasco,1,0,,,Athletico-PR,,,,,,,,,,,,,,,,,CBF / ge historical match matrix,https://www.cbf.com.br/futebol-brasileiro/tabelas/campeonato-brasileiro/serie-a/2024?documento=Tabela+Detalhada,https://github.com/williamorim/brasileirao,2026-09-10T19:36:00-03:00,HIGH
Brasileirão Série A,2024,5,2024-05-05,16:01,Vitória,São Paulo,1,3,,,São Paulo,,,,,,,,,,,,,,,,,CBF / ge historical match matrix,https://www.cbf.com.br/futebol-brasileiro/tabelas/campeonato-brasileiro/serie-a/2024?documento=Tabela+Detalhada,https://github.com/williamorim/brasileirao,2026-09-10T19:36:00-03:00,HIGH
Brasileirão Série A,2024,5,2024-05-05,18:30,Botafogo,Bahia,1,2,,,Bahia,,,,,,,,,,,,,,,,,CBF / ge historical match matrix,https://www.cbf.com.br/futebol-brasileiro/tabelas/campeonato-brasileiro/serie-a/2024?documento=Tabela+Detalhada,https://github.com/williamorim/brasileirao,2026-09-10T19:36:00-03:00,HIGH
Brasileirão Série A,2024,5,2024-05-05,18:30,Cuiabá,Palmeiras,0,2,,,Palmeiras,,,,,,,,,,,,,,,,,CBF / ge historical match matrix,https://www.cbf.com.br/futebol-brasileiro/tabelas/campeonato-brasileiro/serie-a/2024?documento=Tabela+Detalhada,https://github.com/williamorim/brasileirao,2026-09-10T19:36:00-03:00,HIGH
Brasileirão Série A,2024,5,2024-06-05,19:01,Juventude,Atlético-GO,1,0,,,Juventude,,,,,,,,,,,,,,,,,CBF / ge historical match matrix,https://www.cbf.com.br/futebol-brasileiro/tabelas/campeonato-brasileiro/serie-a/2024?documento=Tabela+Detalhada,https://github.com/williamorim/brasileirao,2026-09-10T19:36:00-03:00,HIGH
Brasileirão Série A,2024,5,2024-08-28,19:31,Cruzeiro,Internacional,0,0,,,DRAW,,,,,,,,,,,,,,,,,CBF / ge historical match matrix,https://www.cbf.com.br/futebol-brasileiro/tabelas/campeonato-brasileiro/serie-a/2024?documento=Tabela+Detalhada,https://github.com/williamorim/brasileirao,2026-09-10T19:36:00-03:00,HIGH
Brasileirão Série A,2024,5,2024-09-25,19:02,Grêmio,Criciúma,1,2,,,Criciúma,,,,,,,,,,,,,,,,,CBF / ge historical match matrix,https://www.cbf.com.br/futebol-brasileiro/tabelas/campeonato-brasileiro/serie-a/2024?documento=Tabela+Detalhada,https://github.com/williamorim/brasileirao,2026-09-10T19:36:00-03:00,HIGH
Brasileirão Série A,2024,6,2024-05-11,16:00,Flamengo,Corinthians,2,0,,,Flamengo,,,,,,,,,,,,,,,,,CBF / ge historical match matrix,https://www.cbf.com.br/futebol-brasileiro/tabelas/campeonato-brasileiro/serie-a/2024?documento=Tabela+Detalhada,https://github.com/williamorim/brasileirao,2026-09-10T19:36:00-03:00,HIGH
Brasileirão Série A,2024,6,2024-05-12,16:00,Fortaleza,Botafogo,1,1,,,DRAW,,,,,,,,,,,,,,,,,CBF / ge historical match matrix,https://www.cbf.com.br/futebol-brasileiro/tabelas/campeonato-brasileiro/serie-a/2024?documento=Tabela+Detalhada,https://github.com/williamorim/brasileirao,2026-09-10T19:36:00-03:00,HIGH
Brasileirão Série A,2024,6,2024-05-12,16:01,Palmeiras,Athletico-PR,0,2,,,Athletico-PR,,,,,,,,,,,,,,,,,CBF / ge historical match matrix,https://www.cbf.com.br/futebol-brasileiro/tabelas/campeonato-brasileiro/serie-a/2024?documento=Tabela+Detalhada,https://github.com/williamorim/brasileirao,2026-09-10T19:36:00-03:00,HIGH
Brasileirão Série A,2024,6,2024-05-12,16:02,Atlético-GO,Cruzeiro,0,1,,,Cruzeiro,,,,,,,,,,,,,,,,,CBF / ge historical match matrix,https://www.cbf.com.br/futebol-brasileiro/tabelas/campeonato-brasileiro/serie-a/2024?documento=Tabela+Detalhada,https://github.com/williamorim/brasileirao,2026-09-10T19:36:00-03:00,HIGH
Brasileirão Série A,2024,6,2024-05-12,18:31,Bahia,Bragantino,1,0,,,Bahia,,,,,,,,,,,,,,,,,CBF / ge historical match matrix,https://www.cbf.com.br/futebol-brasileiro/tabelas/campeonato-brasileiro/serie-a/2024?documento=Tabela+Detalhada,https://github.com/williamorim/brasileirao,2026-09-10T19:36:00-03:00,HIGH
Brasileirão Série A,2024,6,2024-05-12,18:31,Vasco,Vitória,2,1,,,Vasco,,,,,,,,,,,,,,,,,CBF / ge historical match matrix,https://www.cbf.com.br/futebol-brasileiro/tabelas/campeonato-brasileiro/serie-a/2024?documento=Tabela+Detalhada,https://github.com/williamorim/brasileirao,2026-09-10T19:36:00-03:00,HIGH
Brasileirão Série A,2024,6,2024-05-13,20:02,São Paulo,Fluminense,2,1,,,São Paulo,,,,,,,,,,,,,,,,,CBF / ge historical match matrix,https://www.cbf.com.br/futebol-brasileiro/tabelas/campeonato-brasileiro/serie-a/2024?documento=Tabela+Detalhada,https://github.com/williamorim/brasileirao,2026-09-10T19:36:00-03:00,HIGH
Brasileirão Série A,2024,6,2024-06-09,16:02,Criciúma,Cuiabá,2,5,,,Cuiabá,,,,,,,,,,,,,,,,,CBF / ge historical match matrix,https://www.cbf.com.br/futebol-brasileiro/tabelas/campeonato-brasileiro/serie-a/2024?documento=Tabela+Detalhada,https://github.com/williamorim/brasileirao,2026-09-10T19:36:00-03:00,HIGH
Brasileirão Série A,2024,6,2024-08-14,19:30,Internacional,Juventude,2,1,,,Internacional,,,,,,,,,,,,,,,,,CBF / ge historical match matrix,https://www.cbf.com.br/futebol-brasileiro/tabelas/campeonato-brasileiro/serie-a/2024?documento=Tabela+Detalhada,https://github.com/williamorim/brasileirao,2026-09-10T19:36:00-03:00,HIGH
Brasileirão Série A,2024,6,2024-10-09,19:31,Atlético-MG,Grêmio,2,1,,,Atlético-MG,,,,,,,,,,,,,,,,,CBF / ge historical match matrix,https://www.cbf.com.br/futebol-brasileiro/tabelas/campeonato-brasileiro/serie-a/2024?documento=Tabela+Detalhada,https://github.com/williamorim/brasileirao,2026-09-10T19:36:00-03:00,HIGH
Brasileirão Série A,2024,7,2024-06-01,16:00,Vitória,Atlético-GO,0,2,,,Atlético-GO,,,,,,,,,,,,,,,,,CBF / ge historical match matrix,https://www.cbf.com.br/futebol-brasileiro/tabelas/campeonato-brasileiro/serie-a/2024?documento=Tabela+Detalhada,https://github.com/williamorim/brasileirao,2026-09-10T19:36:00-03:00,HIGH
Brasileirão Série A,2024,7,2024-06-01,16:01,Grêmio,Bragantino,0,2,,,Bragantino,,,,,,,,,,,,,,,,,CBF / ge historical match matrix,https://www.cbf.com.br/futebol-brasileiro/tabelas/campeonato-brasileiro/serie-a/2024?documento=Tabela+Detalhada,https://github.com/williamorim/brasileirao,2026-09-10T19:36:00-03:00,HIGH
Brasileirão Série A,2024,7,2024-06-01,18:30,Cuiabá,Internacional,0,1,,,Internacional,,,,,,,,,,,,,,,,,CBF / ge historical match matrix,https://www.cbf.com.br/futebol-brasileiro/tabelas/campeonato-brasileiro/serie-a/2024?documento=Tabela+Detalhada,https://github.com/williamorim/brasileirao,2026-09-10T19:36:00-03:00,HIGH
Brasileirão Série A,2024,7,2024-06-01,18:30,Fluminense,Juventude,1,1,,,DRAW,,,,,,,,,,,,,,,,,CBF / ge historical match matrix,https://www.cbf.com.br/futebol-brasileiro/tabelas/campeonato-brasileiro/serie-a/2024?documento=Tabela+Detalhada,https://github.com/williamorim/brasileirao,2026-09-10T19:36:00-03:00,HIGH
Brasileirão Série A,2024,7,2024-06-01,21:00,Corinthians,Botafogo,0,1,,,Botafogo,,,,,,,,,,,,,,,,,CBF / ge historical match matrix,https://www.cbf.com.br/futebol-brasileiro/tabelas/campeonato-brasileiro/serie-a/2024?documento=Tabela+Detalhada,https://github.com/williamorim/brasileirao,2026-09-10T19:36:00-03:00,HIGH
Brasileirão Série A,2024,7,2024-06-02,16:00,Vasco,Flamengo,1,6,,,Flamengo,,,,,,,,,,,,,,,,,CBF / ge historical match matrix,https://www.cbf.com.br/futebol-brasileiro/tabelas/campeonato-brasileiro/serie-a/2024?documento=Tabela+Detalhada,https://github.com/williamorim/brasileirao,2026-09-10T19:36:00-03:00,HIGH
Brasileirão Série A,2024,7,2024-06-02,16:01,Atlético-MG,Bahia,1,1,,,DRAW,,,,,,,,,,,,,,,,,CBF / ge historical match matrix,https://www.cbf.com.br/futebol-brasileiro/tabelas/campeonato-brasileiro/serie-a/2024?documento=Tabela+Detalhada,https://github.com/williamorim/brasileirao,2026-09-10T19:36:00-03:00,HIGH
Brasileirão Série A,2024,7,2024-06-02,16:02,Criciúma,Palmeiras,1,2,,,Palmeiras,,,,,,,,,,,,,,,,,CBF / ge historical match matrix,https://www.cbf.com.br/futebol-brasileiro/tabelas/campeonato-brasileiro/serie-a/2024?documento=Tabela+Detalhada,https://github.com/williamorim/brasileirao,2026-09-10T19:36:00-03:00,HIGH
Brasileirão Série A,2024,7,2024-06-02,18:31,Fortaleza,Athletico-PR,1,0,,,Fortaleza,,,,,,,,,,,,,,,,,CBF / ge historical match matrix,https://www.cbf.com.br/futebol-brasileiro/tabelas/campeonato-brasileiro/serie-a/2024?documento=Tabela+Detalhada,https://github.com/williamorim/brasileirao,2026-09-10T19:36:00-03:00,HIGH
Brasileirão Série A,2024,7,2024-06-02,18:31,São Paulo,Cruzeiro,2,0,,,São Paulo,,,,,,,,,,,,,,,,,CBF / ge historical match matrix,https://www.cbf.com.br/futebol-brasileiro/tabelas/campeonato-brasileiro/serie-a/2024?documento=Tabela+Detalhada,https://github.com/williamorim/brasileirao,2026-09-10T19:36:00-03:00,HIGH
Brasileirão Série A,2024,8,2024-06-11,19:00,Atlético-GO,Corinthians,2,2,,,DRAW,,,,,,,,,,,,,,,,,CBF / ge historical match matrix,https://www.cbf.com.br/futebol-brasileiro/tabelas/campeonato-brasileiro/serie-a/2024?documento=Tabela+Detalhada,https://github.com/williamorim/brasileirao,2026-09-10T19:36:00-03:00,HIGH
Brasileirão Série A,2024,8,2024-06-11,19:02,Juventude,Vitória,1,1,,,DRAW,,,,,,,,,,,,,,,,,CBF / ge historical match matrix,https://www.cbf.com.br/futebol-brasileiro/tabelas/campeonato-brasileiro/serie-a/2024?documento=Tabela+Detalhada,https://github.com/williamorim/brasileirao,2026-09-10T19:36:00-03:00,HIGH
Brasileirão Série A,2024,8,2024-06-11,20:00,Botafogo,Fluminense,1,0,,,Botafogo,,,,,,,,,,,,,,,,,CBF / ge historical match matrix,https://www.cbf.com.br/futebol-brasileiro/tabelas/campeonato-brasileiro/serie-a/2024?documento=Tabela+Detalhada,https://github.com/williamorim/brasileirao,2026-09-10T19:36:00-03:00,HIGH
Brasileirão Série A,2024,8,2024-06-11,21:31,Bragantino,Atlético-MG,1,2,,,Atlético-MG,,,,,,,,,,,,,,,,,CBF / ge historical match matrix,https://www.cbf.com.br/futebol-brasileiro/tabelas/campeonato-brasileiro/serie-a/2024?documento=Tabela+Detalhada,https://github.com/williamorim/brasileirao,2026-09-10T19:36:00-03:00,HIGH
Brasileirão Série A,2024,8,2024-06-13,19:00,Cruzeiro,Cuiabá,2,1,,,Cruzeiro,,,,,,,,,,,,,,,,,CBF / ge historical match matrix,https://www.cbf.com.br/futebol-brasileiro/tabelas/campeonato-brasileiro/serie-a/2024?documento=Tabela+Detalhada,https://github.com/williamorim/brasileirao,2026-09-10T19:36:00-03:00,HIGH
Brasileirão Série A,2024,8,2024-06-13,20:00,Athletico-PR,Criciúma,3,1,,,Athletico-PR,,,,,,,,,,,,,,,,,CBF / ge historical match matrix,https://www.cbf.com.br/futebol-brasileiro/tabelas/campeonato-brasileiro/serie-a/2024?documento=Tabela+Detalhada,https://github.com/williamorim/brasileirao,2026-09-10T19:36:00-03:00,HIGH
Brasileirão Série A,2024,8,2024-06-13,20:00,Flamengo,Grêmio,2,1,,,Flamengo,,,,,,,,,,,,,,,,,CBF / ge historical match matrix,https://www.cbf.com.br/futebol-brasileiro/tabelas/campeonato-brasileiro/serie-a/2024?documento=Tabela+Detalhada,https://github.com/williamorim/brasileirao,2026-09-10T19:36:00-03:00,HIGH
Brasileirão Série A,2024,8,2024-06-13,20:04,Internacional,São Paulo,0,0,,,DRAW,,,,,,,,,,,,,,,,,CBF / ge historical match matrix,https://www.cbf.com.br/futebol-brasileiro/tabelas/campeonato-brasileiro/serie-a/2024?documento=Tabela+Detalhada,https://github.com/williamorim/brasileirao,2026-09-10T19:36:00-03:00,HIGH
Brasileirão Série A,2024,8,2024-06-13,21:30,Palmeiras,Vasco,2,0,,,Palmeiras,,,,,,,,,,,,,,,,,CBF / ge historical match matrix,https://www.cbf.com.br/futebol-brasileiro/tabelas/campeonato-brasileiro/serie-a/2024?documento=Tabela+Detalhada,https://github.com/williamorim/brasileirao,2026-09-10T19:36:00-03:00,HIGH
Brasileirão Série A,2024,8,2024-06-13,21:31,Bahia,Fortaleza,1,0,,,Bahia,,,,,,,,,,,,,,,,,CBF / ge historical match matrix,https://www.cbf.com.br/futebol-brasileiro/tabelas/campeonato-brasileiro/serie-a/2024?documento=Tabela+Detalhada,https://github.com/williamorim/brasileirao,2026-09-10T19:36:00-03:00,HIGH
Brasileirão Série A,2024,9,2024-06-15,18:29,Bragantino,Juventude,2,1,,,Bragantino,,,,,,,,,,,,,,,,,CBF / ge historical match matrix,https://www.cbf.com.br/futebol-brasileiro/tabelas/campeonato-brasileiro/serie-a/2024?documento=Tabela+Detalhada,https://github.com/williamorim/brasileirao,2026-09-10T19:36:00-03:00,HIGH
Brasileirão Série A,2024,9,2024-06-15,21:00,Fluminense,Atlético-GO,1,2,,,Atlético-GO,,,,,,,,,,,,,,,,,CBF / ge historical match matrix,https://www.cbf.com.br/futebol-brasileiro/tabelas/campeonato-brasileiro/serie-a/2024?documento=Tabela+Detalhada,https://github.com/williamorim/brasileirao,2026-09-10T19:36:00-03:00,HIGH
Brasileirão Série A,2024,9,2024-06-16,16:00,Athletico-PR,Flamengo,1,1,,,DRAW,,,,,,,,,,,,,,,,,CBF / ge historical match matrix,https://www.cbf.com.br/futebol-brasileiro/tabelas/campeonato-brasileiro/serie-a/2024?documento=Tabela+Detalhada,https://github.com/williamorim/brasileirao,2026-09-10T19:36:00-03:00,HIGH
Brasileirão Série A,2024,9,2024-06-16,16:01,Corinthians,São Paulo,2,2,,,DRAW,,,,,,,,,,,,,,,,,CBF / ge historical match matrix,https://www.cbf.com.br/futebol-brasileiro/tabelas/campeonato-brasileiro/serie-a/2024?documento=Tabela+Detalhada,https://github.com/williamorim/brasileirao,2026-09-10T19:36:00-03:00,HIGH
Brasileirão Série A,2024,9,2024-06-16,16:01,Vitória,Internacional,2,1,,,Vitória,,,,,,,,,,,,,,,,,CBF / ge historical match matrix,https://www.cbf.com.br/futebol-brasileiro/tabelas/campeonato-brasileiro/serie-a/2024?documento=Tabela+Detalhada,https://github.com/williamorim/brasileirao,2026-09-10T19:36:00-03:00,HIGH
Brasileirão Série A,2024,9,2024-06-16,18:29,Cuiabá,Fortaleza,5,0,,,Cuiabá,,,,,,,,,,,,,,,,,CBF / ge historical match matrix,https://www.cbf.com.br/futebol-brasileiro/tabelas/campeonato-brasileiro/serie-a/2024?documento=Tabela+Detalhada,https://github.com/williamorim/brasileirao,2026-09-10T19:36:00-03:00,HIGH
Brasileirão Série A,2024,9,2024-06-16,18:30,Grêmio,Botafogo,1,2,,,Botafogo,,,,,,,,,,,,,,,,,CBF / ge historical match matrix,https://www.cbf.com.br/futebol-brasileiro/tabelas/campeonato-brasileiro/serie-a/2024?documento=Tabela+Detalhada,https://github.com/williamorim/brasileirao,2026-09-10T19:36:00-03:00,HIGH
Brasileirão Série A,2024,9,2024-06-16,18:31,Criciúma,Bahia,2,2,,,DRAW,,,,,,,,,,,,,,,,,CBF / ge historical match matrix,https://www.cbf.com.br/futebol-brasileiro/tabelas/campeonato-brasileiro/serie-a/2024?documento=Tabela+Detalhada,https://github.com/williamorim/brasileirao,2026-09-10T19:36:00-03:00,HIGH
Brasileirão Série A,2024,9,2024-06-16,18:31,Vasco,Cruzeiro,0,0,,,DRAW,,,,,,,,,,,,,,,,,CBF / ge historical match matrix,https://www.cbf.com.br/futebol-brasileiro/tabelas/campeonato-brasileiro/serie-a/2024?documento=Tabela+Detalhada,https://github.com/williamorim/brasileirao,2026-09-10T19:36:00-03:00,HIGH
Brasileirão Série A,2024,9,2024-06-17,20:31,Atlético-MG,Palmeiras,0,4,,,Palmeiras,,,,,,,,,,,,,,,,,CBF / ge historical match matrix,https://www.cbf.com.br/futebol-brasileiro/tabelas/campeonato-brasileiro/serie-a/2024?documento=Tabela+Detalhada,https://github.com/williamorim/brasileirao,2026-09-10T19:36:00-03:00,HIGH
Brasileirão Série A,2024,10,2024-06-19,19:00,Atlético-GO,Criciúma,1,2,,,Criciúma,,,,,,,,,,,,,,,,,CBF / ge historical match matrix,https://www.cbf.com.br/futebol-brasileiro/tabelas/campeonato-brasileiro/serie-a/2024?documento=Tabela+Detalhada,https://github.com/williamorim/brasileirao,2026-09-10T19:36:00-03:00,HIGH
Brasileirão Série A,2024,10,2024-06-19,19:00,Botafogo,Athletico-PR,1,1,,,DRAW,,,,,,,,,,,,,,,,,CBF / ge historical match matrix,https://www.cbf.com.br/futebol-brasileiro/tabelas/campeonato-brasileiro/serie-a/2024?documento=Tabela+Detalhada,https://github.com/williamorim/brasileirao,2026-09-10T19:36:00-03:00,HIGH
Brasileirão Série A,2024,10,2024-06-19,20:00,Fortaleza,Grêmio,1,0,,,Fortaleza,,,,,,,,,,,,,,,,,CBF / ge historical match matrix,https://www.cbf.com.br/futebol-brasileiro/tabelas/campeonato-brasileiro/serie-a/2024?documento=Tabela+Detalhada,https://github.com/williamorim/brasileirao,2026-09-10T19:36:00-03:00,HIGH
Brasileirão Série A,2024,10,2024-06-19,20:01,São Paulo,Cuiabá,0,1,,,Cuiabá,,,,,,,,,,,,,,,,,CBF / ge historical match matrix,https://www.cbf.com.br/futebol-brasileiro/tabelas/campeonato-brasileiro/serie-a/2024?documento=Tabela+Detalhada,https://github.com/williamorim/brasileirao,2026-09-10T19:36:00-03:00,HIGH
Brasileirão Série A,2024,10,2024-06-19,20:04,Juventude,Vasco,2,0,,,Juventude,,,,,,,,,,,,,,,,,CBF / ge historical match matrix,https://www.cbf.com.br/futebol-brasileiro/tabelas/campeonato-brasileiro/serie-a/2024?documento=Tabela+Detalhada,https://github.com/williamorim/brasileirao,2026-09-10T19:36:00-03:00,HIGH
Brasileirão Série A,2024,10,2024-06-19,21:30,Cruzeiro,Fluminense,2,0,,,Cruzeiro,,,,,,,,,,,,,,,,,CBF / ge historical match matrix,https://www.cbf.com.br/futebol-brasileiro/tabelas/campeonato-brasileiro/serie-a/2024?documento=Tabela+Detalhada,https://github.com/williamorim/brasileirao,2026-09-10T19:36:00-03:00,HIGH
Brasileirão Série A,2024,10,2024-06-19,21:33,Internacional,Corinthians,1,0,,,Internacional,,,,,,,,,,,,,,,,,CBF / ge historical match matrix,https://www.cbf.com.br/futebol-brasileiro/tabelas/campeonato-brasileiro/serie-a/2024?documento=Tabela+Detalhada,https://github.com/williamorim/brasileirao,2026-09-10T19:36:00-03:00,HIGH
Brasileirão Série A,2024,10,2024-06-20,18:30,Vitória,Atlético-MG,4,2,,,Vitória,,,,,,,,,,,,,,,,,CBF / ge historical match matrix,https://www.cbf.com.br/futebol-brasileiro/tabelas/campeonato-brasileiro/serie-a/2024?documento=Tabela+Detalhada,https://github.com/williamorim/brasileirao,2026-09-10T19:36:00-03:00,HIGH
Brasileirão Série A,2024,10,2024-06-20,20:00,Flamengo,Bahia,2,1,,,Flamengo,,,,,,,,,,,,,,,,,CBF / ge historical match matrix,https://www.cbf.com.br/futebol-brasileiro/tabelas/campeonato-brasileiro/serie-a/2024?documento=Tabela+Detalhada,https://github.com/williamorim/brasileirao,2026-09-10T19:36:00-03:00,HIGH
Brasileirão Série A,2024,10,2024-06-20,21:30,Palmeiras,Bragantino,2,1,,,Palmeiras,,,,,,,,,,,,,,,,,CBF / ge historical match matrix,https://www.cbf.com.br/futebol-brasileiro/tabelas/campeonato-brasileiro/serie-a/2024?documento=Tabela+Detalhada,https://github.com/williamorim/brasileirao,2026-09-10T19:36:00-03:00,HIGH
Brasileirão Série A,2024,11,2024-06-22,16:01,Criciúma,Botafogo,2,1,,,Criciúma,,,,,,,,,,,,,,,,,CBF / ge historical match matrix,https://www.cbf.com.br/futebol-brasileiro/tabelas/campeonato-brasileiro/serie-a/2024?documento=Tabela+Detalhada,https://github.com/williamorim/brasileirao,2026-09-10T19:36:00-03:00,HIGH
Brasileirão Série A,2024,11,2024-06-22,17:31,Grêmio,Internacional,0,1,,,Internacional,,,,,,,,,,,,,,,,,CBF / ge historical match matrix,https://www.cbf.com.br/futebol-brasileiro/tabelas/campeonato-brasileiro/serie-a/2024?documento=Tabela+Detalhada,https://github.com/williamorim/brasileirao,2026-09-10T19:36:00-03:00,HIGH
Brasileirão Série A,2024,11,2024-06-22,18:30,Cuiabá,Atlético-GO,0,0,,,DRAW,,,,,,,,,,,,,,,,,CBF / ge historical match matrix,https://www.cbf.com.br/futebol-brasileiro/tabelas/campeonato-brasileiro/serie-a/2024?documento=Tabela+Detalhada,https://github.com/williamorim/brasileirao,2026-09-10T19:36:00-03:00,HIGH
Brasileirão Série A,2024,11,2024-06-22,21:31,Vasco,São Paulo,4,1,,,Vasco,,,,,,,,,,,,,,,,,CBF / ge historical match matrix,https://www.cbf.com.br/futebol-brasileiro/tabelas/campeonato-brasileiro/serie-a/2024?documento=Tabela+Detalhada,https://github.com/williamorim/brasileirao,2026-09-10T19:36:00-03:00,HIGH
Brasileirão Série A,2024,11,2024-06-23,16:00,Athletico-PR,Corinthians,1,1,,,DRAW,,,,,,,,,,,,,,,,,CBF / ge historical match matrix,https://www.cbf.com.br/futebol-brasileiro/tabelas/campeonato-brasileiro/serie-a/2024?documento=Tabela+Detalhada,https://github.com/williamorim/brasileirao,2026-09-10T19:36:00-03:00,HIGH
Brasileirão Série A,2024,11,2024-06-23,16:00,Fluminense,Flamengo,0,1,,,Flamengo,,,,,,,,,,,,,,,,,CBF / ge historical match matrix,https://www.cbf.com.br/futebol-brasileiro/tabelas/campeonato-brasileiro/serie-a/2024?documento=Tabela+Detalhada,https://github.com/williamorim/brasileirao,2026-09-10T19:36:00-03:00,HIGH
Brasileirão Série A,2024,11,2024-06-23,16:02,Bahia,Cruzeiro,4,1,,,Bahia,,,,,,,,,,,,,,,,,CBF / ge historical match matrix,https://www.cbf.com.br/futebol-brasileiro/tabelas/campeonato-brasileiro/serie-a/2024?documento=Tabela+Detalhada,https://github.com/williamorim/brasileirao,2026-09-10T19:36:00-03:00,HIGH
Brasileirão Série A,2024,11,2024-06-23,18:30,Atlético-MG,Fortaleza,1,1,,,DRAW,,,,,,,,,,,,,,,,,CBF / ge historical match matrix,https://www.cbf.com.br/futebol-brasileiro/tabelas/campeonato-brasileiro/serie-a/2024?documento=Tabela+Detalhada,https://github.com/williamorim/brasileirao,2026-09-10T19:36:00-03:00,HIGH
Brasileirão Série A,2024,11,2024-06-23,18:30,Palmeiras,Juventude,3,1,,,Palmeiras,,,,,,,,,,,,,,,,,CBF / ge historical match matrix,https://www.cbf.com.br/futebol-brasileiro/tabelas/campeonato-brasileiro/serie-a/2024?documento=Tabela+Detalhada,https://github.com/williamorim/brasileirao,2026-09-10T19:36:00-03:00,HIGH
Brasileirão Série A,2024,11,2024-06-23,18:31,Bragantino,Vitória,2,1,,,Bragantino,,,,,,,,,,,,,,,,,CBF / ge historical match matrix,https://www.cbf.com.br/futebol-brasileiro/tabelas/campeonato-brasileiro/serie-a/2024?documento=Tabela+Detalhada,https://github.com/williamorim/brasileirao,2026-09-10T19:36:00-03:00,HIGH
Brasileirão Série A,2024,12,2024-06-26,19:00,Botafogo,Bragantino,2,1,,,Botafogo,,,,,,,,,,,,,,,,,CBF / ge historical match matrix,https://www.cbf.com.br/futebol-brasileiro/tabelas/campeonato-brasileiro/serie-a/2024?documento=Tabela+Detalhada,https://github.com/williamorim/brasileirao,2026-09-10T19:36:00-03:00,HIGH
Brasileirão Série A,2024,12,2024-06-26,19:00,Cruzeiro,Athletico-PR,2,0,,,Cruzeiro,,,,,,,,,,,,,,,,,CBF / ge historical match matrix,https://www.cbf.com.br/futebol-brasileiro/tabelas/campeonato-brasileiro/serie-a/2024?documento=Tabela+Detalhada,https://github.com/williamorim/brasileirao,2026-09-10T19:36:00-03:00,HIGH
Brasileirão Série A,2024,12,2024-06-26,20:00,Atlético-GO,Grêmio,1,1,,,DRAW,,,,,,,,,,,,,,,,,CBF / ge historical match matrix,https://www.cbf.com.br/futebol-brasileiro/tabelas/campeonato-brasileiro/serie-a/2024?documento=Tabela+Detalhada,https://github.com/williamorim/brasileirao,2026-09-10T19:36:00-03:00,HIGH
Brasileirão Série A,2024,12,2024-06-26,20:00,Juventude,Flamengo,2,1,,,Juventude,,,,,,,,,,,,,,,,,CBF / ge historical match matrix,https://www.cbf.com.br/futebol-brasileiro/tabelas/campeonato-brasileiro/serie-a/2024?documento=Tabela+Detalhada,https://github.com/williamorim/brasileirao,2026-09-10T19:36:00-03:00,HIGH
Brasileirão Série A,2024,12,2024-06-26,20:02,Corinthians,Cuiabá,1,1,,,DRAW,,,,,,,,,,,,,,,,,CBF / ge historical match matrix,https://www.cbf.com.br/futebol-brasileiro/tabelas/campeonato-brasileiro/serie-a/2024?documento=Tabela+Detalhada,https://github.com/williamorim/brasileirao,2026-09-10T19:36:00-03:00,HIGH
Brasileirão Série A,2024,12,2024-06-26,21:30,Bahia,Vasco,2,1,,,Bahia,,,,,,,,,,,,,,,,,CBF / ge historical match matrix,https://www.cbf.com.br/futebol-brasileiro/tabelas/campeonato-brasileiro/serie-a/2024?documento=Tabela+Detalhada,https://github.com/williamorim/brasileirao,2026-09-10T19:36:00-03:00,HIGH
Brasileirão Série A,2024,12,2024-06-26,21:30,Fortaleza,Palmeiras,3,0,,,Fortaleza,,,,,,,,,,,,,,,,,CBF / ge historical match matrix,https://www.cbf.com.br/futebol-brasileiro/tabelas/campeonato-brasileiro/serie-a/2024?documento=Tabela+Detalhada,https://github.com/williamorim/brasileirao,2026-09-10T19:36:00-03:00,HIGH
Brasileirão Série A,2024,12,2024-06-26,21:34,Internacional,Atlético-MG,1,2,,,Atlético-MG,,,,,,,,,,,,,,,,,CBF / ge historical match matrix,https://www.cbf.com.br/futebol-brasileiro/tabelas/campeonato-brasileiro/serie-a/2024?documento=Tabela+Detalhada,https://github.com/williamorim/brasileirao,2026-09-10T19:36:00-03:00,HIGH
Brasileirão Série A,2024,12,2024-06-27,19:00,Fluminense,Vitória,0,1,,,Vitória,,,,,,,,,,,,,,,,,CBF / ge historical match matrix,https://www.cbf.com.br/futebol-brasileiro/tabelas/campeonato-brasileiro/serie-a/2024?documento=Tabela+Detalhada,https://github.com/williamorim/brasileirao,2026-09-10T19:36:00-03:00,HIGH
Brasileirão Série A,2024,12,2024-06-27,20:02,São Paulo,Criciúma,2,1,,,São Paulo,,,,,,,,,,,,,,,,,CBF / ge historical match matrix,https://www.cbf.com.br/futebol-brasileiro/tabelas/campeonato-brasileiro/serie-a/2024?documento=Tabela+Detalhada,https://github.com/williamorim/brasileirao,2026-09-10T19:36:00-03:00,HIGH
Brasileirão Série A,2024,13,2024-06-29,18:30,Vasco,Botafogo,1,1,,,DRAW,,,,,,,,,,,,,,,,,CBF / ge historical match matrix,https://www.cbf.com.br/futebol-brasileiro/tabelas/campeonato-brasileiro/serie-a/2024?documento=Tabela+Detalhada,https://github.com/williamorim/brasileirao,2026-09-10T19:36:00-03:00,HIGH
Brasileirão Série A,2024,13,2024-06-29,18:31,Cuiabá,Bragantino,1,1,,,DRAW,,,,,,,,,,,,,,,,,CBF / ge historical match matrix,https://www.cbf.com.br/futebol-brasileiro/tabelas/campeonato-brasileiro/serie-a/2024?documento=Tabela+Detalhada,https://github.com/williamorim/brasileirao,2026-09-10T19:36:00-03:00,HIGH
Brasileirão Série A,2024,13,2024-06-30,11:02,Atlético-MG,Atlético-GO,1,1,,,DRAW,,,,,,,,,,,,,,,,,CBF / ge historical match matrix,https://www.cbf.com.br/futebol-brasileiro/tabelas/campeonato-brasileiro/serie-a/2024?documento=Tabela+Detalhada,https://github.com/williamorim/brasileirao,2026-09-10T19:36:00-03:00,HIGH
Brasileirão Série A,2024,13,2024-06-30,16:00,Fortaleza,Juventude,2,1,,,Fortaleza,,,,,,,,,,,,,,,,,CBF / ge historical match matrix,https://www.cbf.com.br/futebol-brasileiro/tabelas/campeonato-brasileiro/serie-a/2024?documento=Tabela+Detalhada,https://github.com/williamorim/brasileirao,2026-09-10T19:36:00-03:00,HIGH
Brasileirão Série A,2024,13,2024-06-30,16:00,Grêmio,Fluminense,1,0,,,Grêmio,,,,,,,,,,,,,,,,,CBF / ge historical match matrix,https://www.cbf.com.br/futebol-brasileiro/tabelas/campeonato-brasileiro/serie-a/2024?documento=Tabela+Detalhada,https://github.com/williamorim/brasileirao,2026-09-10T19:36:00-03:00,HIGH
Brasileirão Série A,2024,13,2024-06-30,16:03,São Paulo,Bahia,3,1,,,São Paulo,,,,,,,,,,,,,,,,,CBF / ge historical match matrix,https://www.cbf.com.br/futebol-brasileiro/tabelas/campeonato-brasileiro/serie-a/2024?documento=Tabela+Detalhada,https://github.com/williamorim/brasileirao,2026-09-10T19:36:00-03:00,HIGH
Brasileirão Série A,2024,13,2024-06-30,18:29,Flamengo,Cruzeiro,2,1,,,Flamengo,,,,,,,,,,,,,,,,,CBF / ge historical match matrix,https://www.cbf.com.br/futebol-brasileiro/tabelas/campeonato-brasileiro/serie-a/2024?documento=Tabela+Detalhada,https://github.com/williamorim/brasileirao,2026-09-10T19:36:00-03:00,HIGH
Brasileirão Série A,2024,13,2024-06-30,18:31,Criciúma,Internacional,1,1,,,DRAW,,,,,,,,,,,,,,,,,CBF / ge historical match matrix,https://www.cbf.com.br/futebol-brasileiro/tabelas/campeonato-brasileiro/serie-a/2024?documento=Tabela+Detalhada,https://github.com/williamorim/brasileirao,2026-09-10T19:36:00-03:00,HIGH
Brasileirão Série A,2024,13,2024-06-30,18:31,Vitória,Athletico-PR,0,1,,,Athletico-PR,,,,,,,,,,,,,,,,,CBF / ge historical match matrix,https://www.cbf.com.br/futebol-brasileiro/tabelas/campeonato-brasileiro/serie-a/2024?documento=Tabela+Detalhada,https://github.com/williamorim/brasileirao,2026-09-10T19:36:00-03:00,HIGH
Brasileirão Série A,2024,13,2024-07-01,20:00,Palmeiras,Corinthians,2,0,,,Palmeiras,,,,,,,,,,,,,,,,,CBF / ge historical match matrix,https://www.cbf.com.br/futebol-brasileiro/tabelas/campeonato-brasileiro/serie-a/2024?documento=Tabela+Detalhada,https://github.com/williamorim/brasileirao,2026-09-10T19:36:00-03:00,HIGH
Brasileirão Série A,2024,14,2024-07-03,19:00,Cuiabá,Botafogo,1,2,,,Botafogo,,,,,,,,,,,,,,,,,CBF / ge historical match matrix,https://www.cbf.com.br/futebol-brasileiro/tabelas/campeonato-brasileiro/serie-a/2024?documento=Tabela+Detalhada,https://github.com/williamorim/brasileirao,2026-09-10T19:36:00-03:00,HIGH
Brasileirão Série A,2024,14,2024-07-03,20:00,Vasco,Fortaleza,2,0,,,Vasco,,,,,,,,,,,,,,,,,CBF / ge historical match matrix,https://www.cbf.com.br/futebol-brasileiro/tabelas/campeonato-brasileiro/serie-a/2024?documento=Tabela+Detalhada,https://github.com/williamorim/brasileirao,2026-09-10T19:36:00-03:00,HIGH
Brasileirão Série A,2024,14,2024-07-03,20:02,Criciúma,Cruzeiro,1,0,,,Criciúma,,,,,,,,,,,,,,,,,CBF / ge historical match matrix,https://www.cbf.com.br/futebol-brasileiro/tabelas/campeonato-brasileiro/serie-a/2024?documento=Tabela+Detalhada,https://github.com/williamorim/brasileirao,2026-09-10T19:36:00-03:00,HIGH
Brasileirão Série A,2024,14,2024-07-03,21:30,Atlético-MG,Flamengo,2,4,,,Flamengo,,,,,,,,,,,,,,,,,CBF / ge historical match matrix,https://www.cbf.com.br/futebol-brasileiro/tabelas/campeonato-brasileiro/serie-a/2024?documento=Tabela+Detalhada,https://github.com/williamorim/brasileirao,2026-09-10T19:36:00-03:00,HIGH
Brasileirão Série A,2024,14,2024-07-03,21:30,Bragantino,Atlético-GO,3,1,,,Bragantino,,,,,,,,,,,,,,,,,CBF / ge historical match matrix,https://www.cbf.com.br/futebol-brasileiro/tabelas/campeonato-brasileiro/serie-a/2024?documento=Tabela+Detalhada,https://github.com/williamorim/brasileirao,2026-09-10T19:36:00-03:00,HIGH
Brasileirão Série A,2024,14,2024-07-03,21:31,Athletico-PR,São Paulo,1,2,,,São Paulo,,,,,,,,,,,,,,,,,CBF / ge historical match matrix,https://www.cbf.com.br/futebol-brasileiro/tabelas/campeonato-brasileiro/serie-a/2024?documento=Tabela+Detalhada,https://github.com/williamorim/brasileirao,2026-09-10T19:36:00-03:00,HIGH
Brasileirão Série A,2024,14,2024-07-04,19:00,Grêmio,Palmeiras,2,2,,,DRAW,,,,,,,,,,,,,,,,,CBF / ge historical match matrix,https://www.cbf.com.br/futebol-brasileiro/tabelas/campeonato-brasileiro/serie-a/2024?documento=Tabela+Detalhada,https://github.com/williamorim/brasileirao,2026-09-10T19:36:00-03:00,HIGH
Brasileirão Série A,2024,14,2024-07-04,19:02,Bahia,Juventude,2,0,,,Bahia,,,,,,,,,,,,,,,,,CBF / ge historical match matrix,https://www.cbf.com.br/futebol-brasileiro/tabelas/campeonato-brasileiro/serie-a/2024?documento=Tabela+Detalhada,https://github.com/williamorim/brasileirao,2026-09-10T19:36:00-03:00,HIGH
Brasileirão Série A,2024,14,2024-07-04,20:00,Fluminense,Internacional,1,1,,,DRAW,,,,,,,,,,,,,,,,,CBF / ge historical match matrix,https://www.cbf.com.br/futebol-brasileiro/tabelas/campeonato-brasileiro/serie-a/2024?documento=Tabela+Detalhada,https://github.com/williamorim/brasileirao,2026-09-10T19:36:00-03:00,HIGH
Brasileirão Série A,2024,14,2024-07-04,20:03,Corinthians,Vitória,3,2,,,Corinthians,,,,,,,,,,,,,,,,,CBF / ge historical match matrix,https://www.cbf.com.br/futebol-brasileiro/tabelas/campeonato-brasileiro/serie-a/2024?documento=Tabela+Detalhada,https://github.com/williamorim/brasileirao,2026-09-10T19:36:00-03:00,HIGH
Brasileirão Série A,2024,15,2024-07-06,20:00,Flamengo,Cuiabá,1,1,,,DRAW,,,,,,,,,,,,,,,,,CBF / ge historical match matrix,https://www.cbf.com.br/futebol-brasileiro/tabelas/campeonato-brasileiro/serie-a/2024?documento=Tabela+Detalhada,https://github.com/williamorim/brasileirao,2026-09-10T19:36:00-03:00,HIGH
Brasileirão Série A,2024,15,2024-07-06,20:03,São Paulo,Bragantino,2,0,,,São Paulo,,,,,,,,,,,,,,,,,CBF / ge historical match matrix,https://www.cbf.com.br/futebol-brasileiro/tabelas/campeonato-brasileiro/serie-a/2024?documento=Tabela+Detalhada,https://github.com/williamorim/brasileirao,2026-09-10T19:36:00-03:00,HIGH
Brasileirão Série A,2024,15,2024-07-07,15:59,Fortaleza,Fluminense,1,0,,,Fortaleza,,,,,,,,,,,,,,,,,CBF / ge historical match matrix,https://www.cbf.com.br/futebol-brasileiro/tabelas/campeonato-brasileiro/serie-a/2024?documento=Tabela+Detalhada,https://github.com/williamorim/brasileirao,2026-09-10T19:36:00-03:00,HIGH
Brasileirão Série A,2024,15,2024-07-07,16:00,Cruzeiro,Corinthians,3,0,,,Cruzeiro,,,,,,,,,,,,,,,,,CBF / ge historical match matrix,https://www.cbf.com.br/futebol-brasileiro/tabelas/campeonato-brasileiro/serie-a/2024?documento=Tabela+Detalhada,https://github.com/williamorim/brasileirao,2026-09-10T19:36:00-03:00,HIGH
Brasileirão Série A,2024,15,2024-07-07,16:00,Juventude,Grêmio,3,0,,,Juventude,,,,,,,,,,,,,,,,,CBF / ge historical match matrix,https://www.cbf.com.br/futebol-brasileiro/tabelas/campeonato-brasileiro/serie-a/2024?documento=Tabela+Detalhada,https://github.com/williamorim/brasileirao,2026-09-10T19:36:00-03:00,HIGH
Brasileirão Série A,2024,15,2024-07-07,18:01,Internacional,Vasco,1,2,,,Vasco,,,,,,,,,,,,,,,,,CBF / ge historical match matrix,https://www.cbf.com.br/futebol-brasileiro/tabelas/campeonato-brasileiro/serie-a/2024?documento=Tabela+Detalhada,https://github.com/williamorim/brasileirao,2026-09-10T19:36:00-03:00,HIGH
Brasileirão Série A,2024,15,2024-07-07,18:30,Atlético-GO,Athletico-PR,1,2,,,Athletico-PR,,,,,,,,,,,,,,,,,CBF / ge historical match matrix,https://www.cbf.com.br/futebol-brasileiro/tabelas/campeonato-brasileiro/serie-a/2024?documento=Tabela+Detalhada,https://github.com/williamorim/brasileirao,2026-09-10T19:36:00-03:00,HIGH
Brasileirão Série A,2024,15,2024-07-07,18:30,Palmeiras,Bahia,2,0,,,Palmeiras,,,,,,,,,,,,,,,,,CBF / ge historical match matrix,https://www.cbf.com.br/futebol-brasileiro/tabelas/campeonato-brasileiro/serie-a/2024?documento=Tabela+Detalhada,https://github.com/williamorim/brasileirao,2026-09-10T19:36:00-03:00,HIGH
Brasileirão Série A,2024,15,2024-07-07,18:31,Vitória,Criciúma,2,1,,,Vitória,,,,,,,,,,,,,,,,,CBF / ge historical match matrix,https://www.cbf.com.br/futebol-brasileiro/tabelas/campeonato-brasileiro/serie-a/2024?documento=Tabela+Detalhada,https://github.com/williamorim/brasileirao,2026-09-10T19:36:00-03:00,HIGH
Brasileirão Série A,2024,15,2024-07-07,20:30,Botafogo,Atlético-MG,3,0,,,Botafogo,,,,,,,,,,,,,,,,,CBF / ge historical match matrix,https://www.cbf.com.br/futebol-brasileiro/tabelas/campeonato-brasileiro/serie-a/2024?documento=Tabela+Detalhada,https://github.com/williamorim/brasileirao,2026-09-10T19:36:00-03:00,HIGH
Brasileirão Série A,2024,16,2024-07-10,18:30,Grêmio,Cruzeiro,0,2,,,Cruzeiro,,,,,,,,,,,,,,,,,CBF / ge historical match matrix,https://www.cbf.com.br/futebol-brasileiro/tabelas/campeonato-brasileiro/serie-a/2024?documento=Tabela+Detalhada,https://github.com/williamorim/brasileirao,2026-09-10T19:36:00-03:00,HIGH
Brasileirão Série A,2024,16,2024-07-10,19:00,Athletico-PR,Bahia,1,3,,,Bahia,,,,,,,,,,,,,,,,,CBF / ge historical match matrix,https://www.cbf.com.br/futebol-brasileiro/tabelas/campeonato-brasileiro/serie-a/2024?documento=Tabela+Detalhada,https://github.com/williamorim/brasileirao,2026-09-10T19:36:00-03:00,HIGH
Brasileirão Série A,2024,16,2024-07-10,19:01,Vasco,Corinthians,2,0,,,Vasco,,,,,,,,,,,,,,,,,CBF / ge historical match matrix,https://www.cbf.com.br/futebol-brasileiro/tabelas/campeonato-brasileiro/serie-a/2024?documento=Tabela+Detalhada,https://github.com/williamorim/brasileirao,2026-09-10T19:36:00-03:00,HIGH
Brasileirão Série A,2024,16,2024-07-11,19:30,Palmeiras,Atlético-GO,3,1,,,Palmeiras,,,,,,,,,,,,,,,,,CBF / ge historical match matrix,https://www.cbf.com.br/futebol-brasileiro/tabelas/campeonato-brasileiro/serie-a/2024?documento=Tabela+Detalhada,https://github.com/williamorim/brasileirao,2026-09-10T19:36:00-03:00,HIGH
Brasileirão Série A,2024,16,2024-07-11,20:00,Flamengo,Fortaleza,1,2,,,Fortaleza,,,,,,,,,,,,,,,,,CBF / ge historical match matrix,https://www.cbf.com.br/futebol-brasileiro/tabelas/campeonato-brasileiro/serie-a/2024?documento=Tabela+Detalhada,https://github.com/williamorim/brasileirao,2026-09-10T19:36:00-03:00,HIGH
Brasileirão Série A,2024,16,2024-07-11,20:02,Criciúma,Fluminense,1,1,,,DRAW,,,,,,,,,,,,,,,,,CBF / ge historical match matrix,https://www.cbf.com.br/futebol-brasileiro/tabelas/campeonato-brasileiro/serie-a/2024?documento=Tabela+Detalhada,https://github.com/williamorim/brasileirao,2026-09-10T19:36:00-03:00,HIGH
Brasileirão Série A,2024,16,2024-07-11,21:30,Atlético-MG,São Paulo,2,1,,,Atlético-MG,,,,,,,,,,,,,,,,,CBF / ge historical match matrix,https://www.cbf.com.br/futebol-brasileiro/tabelas/campeonato-brasileiro/serie-a/2024?documento=Tabela+Detalhada,https://github.com/williamorim/brasileirao,2026-09-10T19:36:00-03:00,HIGH
Brasileirão Série A,2024,16,2024-07-11,21:30,Vitória,Botafogo,0,1,,,Botafogo,,,,,,,,,,,,,,,,,CBF / ge historical match matrix,https://www.cbf.com.br/futebol-brasileiro/tabelas/campeonato-brasileiro/serie-a/2024?documento=Tabela+Detalhada,https://github.com/williamorim/brasileirao,2026-09-10T19:36:00-03:00,HIGH
Brasileirão Série A,2024,16,2024-09-05,20:00,Cuiabá,Juventude,0,0,,,DRAW,,,,,,,,,,,,,,,,,CBF / ge historical match matrix,https://www.cbf.com.br/futebol-brasileiro/tabelas/campeonato-brasileiro/serie-a/2024?documento=Tabela+Detalhada,https://github.com/williamorim/brasileirao,2026-09-10T19:36:00-03:00,HIGH
Brasileirão Série A,2024,16,2024-09-25,19:01,Bragantino,Internacional,2,2,,,DRAW,,,,,,,,,,,,,,,,,CBF / ge historical match matrix,https://www.cbf.com.br/futebol-brasileiro/tabelas/campeonato-brasileiro/serie-a/2024?documento=Tabela+Detalhada,https://github.com/williamorim/brasileirao,2026-09-10T19:36:00-03:00,HIGH
Brasileirão Série A,2024,17,2024-07-13,16:00,Cruzeiro,Bragantino,2,1,,,Cruzeiro,,,,,,,,,,,,,,,,,CBF / ge historical match matrix,https://www.cbf.com.br/futebol-brasileiro/tabelas/campeonato-brasileiro/serie-a/2024?documento=Tabela+Detalhada,https://github.com/williamorim/brasileirao,2026-09-10T19:36:00-03:00,HIGH
Brasileirão Série A,2024,17,2024-07-13,16:02,Bahia,Cuiabá,1,2,,,Cuiabá,,,,,,,,,,,,,,,,,CBF / ge historical match matrix,https://www.cbf.com.br/futebol-brasileiro/tabelas/campeonato-brasileiro/serie-a/2024?documento=Tabela+Detalhada,https://github.com/williamorim/brasileirao,2026-09-10T19:36:00-03:00,HIGH
Brasileirão Série A,2024,17,2024-07-16,19:01,Juventude,Atlético-MG,1,1,,,DRAW,,,,,,,,,,,,,,,,,CBF / ge historical match matrix,https://www.cbf.com.br/futebol-brasileiro/tabelas/campeonato-brasileiro/serie-a/2024?documento=Tabela+Detalhada,https://github.com/williamorim/brasileirao,2026-09-10T19:36:00-03:00,HIGH
Brasileirão Série A,2024,17,2024-07-16,21:01,Corinthians,Criciúma,2,1,,,Corinthians,,,,,,,,,,,,,,,,,CBF / ge historical match matrix,https://www.cbf.com.br/futebol-brasileiro/tabelas/campeonato-brasileiro/serie-a/2024?documento=Tabela+Detalhada,https://github.com/williamorim/brasileirao,2026-09-10T19:36:00-03:00,HIGH
Brasileirão Série A,2024,17,2024-07-17,18:59,Atlético-GO,Vasco,0,1,,,Vasco,,,,,,,,,,,,,,,,,CBF / ge historical match matrix,https://www.cbf.com.br/futebol-brasileiro/tabelas/campeonato-brasileiro/serie-a/2024?documento=Tabela+Detalhada,https://github.com/williamorim/brasileirao,2026-09-10T19:36:00-03:00,HIGH
Brasileirão Série A,2024,17,2024-07-17,20:02,São Paulo,Grêmio,1,0,,,São Paulo,,,,,,,,,,,,,,,,,CBF / ge historical match matrix,https://www.cbf.com.br/futebol-brasileiro/tabelas/campeonato-brasileiro/serie-a/2024?documento=Tabela+Detalhada,https://github.com/williamorim/brasileirao,2026-09-10T19:36:00-03:00,HIGH
Brasileirão Série A,2024,17,2024-07-17,21:30,Botafogo,Palmeiras,1,0,,,Botafogo,,,,,,,,,,,,,,,,,CBF / ge historical match matrix,https://www.cbf.com.br/futebol-brasileiro/tabelas/campeonato-brasileiro/serie-a/2024?documento=Tabela+Detalhada,https://github.com/williamorim/brasileirao,2026-09-10T19:36:00-03:00,HIGH
Brasileirão Série A,2024,17,2024-07-17,21:31,Fortaleza,Vitória,3,1,,,Fortaleza,,,,,,,,,,,,,,,,,CBF / ge historical match matrix,https://www.cbf.com.br/futebol-brasileiro/tabelas/campeonato-brasileiro/serie-a/2024?documento=Tabela+Detalhada,https://github.com/williamorim/brasileirao,2026-09-10T19:36:00-03:00,HIGH
Brasileirão Série A,2024,17,2024-10-22,19:29,Fluminense,Athletico-PR,1,0,,,Fluminense,,,,,,,,,,,,,,,,,CBF / ge historical match matrix,https://www.cbf.com.br/futebol-brasileiro/tabelas/campeonato-brasileiro/serie-a/2024?documento=Tabela+Detalhada,https://github.com/williamorim/brasileirao,2026-09-10T19:36:00-03:00,HIGH
Brasileirão Série A,2024,17,2024-10-30,19:01,Internacional,Flamengo,1,1,,,DRAW,,,,,,,,,,,,,,,,,CBF / ge historical match matrix,https://www.cbf.com.br/futebol-brasileiro/tabelas/campeonato-brasileiro/serie-a/2024?documento=Tabela+Detalhada,https://github.com/williamorim/brasileirao,2026-09-10T19:36:00-03:00,HIGH
Brasileirão Série A,2024,18,2024-07-20,16:01,Flamengo,Criciúma,2,1,,,Flamengo,,,,,,,,,,,,,,,,,CBF / ge historical match matrix,https://www.cbf.com.br/futebol-brasileiro/tabelas/campeonato-brasileiro/serie-a/2024?documento=Tabela+Detalhada,https://github.com/williamorim/brasileirao,2026-09-10T19:36:00-03:00,HIGH
Brasileirão Série A,2024,18,2024-07-20,18:30,Botafogo,Internacional,1,0,,,Botafogo,,,,,,,,,,,,,,,,,CBF / ge historical match matrix,https://www.cbf.com.br/futebol-brasileiro/tabelas/campeonato-brasileiro/serie-a/2024?documento=Tabela+Detalhada,https://github.com/williamorim/brasileirao,2026-09-10T19:36:00-03:00,HIGH
Brasileirão Série A,2024,18,2024-07-20,21:00,Palmeiras,Cruzeiro,2,0,,,Palmeiras,,,,,,,,,,,,,,,,,CBF / ge historical match matrix,https://www.cbf.com.br/futebol-brasileiro/tabelas/campeonato-brasileiro/serie-a/2024?documento=Tabela+Detalhada,https://github.com/williamorim/brasileirao,2026-09-10T19:36:00-03:00,HIGH
Brasileirão Série A,2024,18,2024-07-21,11:00,Grêmio,Vitória,2,0,,,Grêmio,,,,,,,,,,,,,,,,,CBF / ge historical match matrix,https://www.cbf.com.br/futebol-brasileiro/tabelas/campeonato-brasileiro/serie-a/2024?documento=Tabela+Detalhada,https://github.com/williamorim/brasileirao,2026-09-10T19:36:00-03:00,HIGH
Brasileirão Série A,2024,18,2024-07-21,16:00,Atlético-MG,Vasco,2,0,,,Atlético-MG,,,,,,,,,,,,,,,,,CBF / ge historical match matrix,https://www.cbf.com.br/futebol-brasileiro/tabelas/campeonato-brasileiro/serie-a/2024?documento=Tabela+Detalhada,https://github.com/williamorim/brasileirao,2026-09-10T19:36:00-03:00,HIGH
Brasileirão Série A,2024,18,2024-07-21,16:02,Bahia,Corinthians,0,1,,,Corinthians,,,,,,,,,,,,,,,,,CBF / ge historical match matrix,https://www.cbf.com.br/futebol-brasileiro/tabelas/campeonato-brasileiro/serie-a/2024?documento=Tabela+Detalhada,https://github.com/williamorim/brasileirao,2026-09-10T19:36:00-03:00,HIGH
Brasileirão Série A,2024,18,2024-07-21,18:30,Fortaleza,Atlético-GO,3,1,,,Fortaleza,,,,,,,,,,,,,,,,,CBF / ge historical match matrix,https://www.cbf.com.br/futebol-brasileiro/tabelas/campeonato-brasileiro/serie-a/2024?documento=Tabela+Detalhada,https://github.com/williamorim/brasileirao,2026-09-10T19:36:00-03:00,HIGH
Brasileirão Série A,2024,18,2024-07-21,18:31,Bragantino,Athletico-PR,1,0,,,Bragantino,,,,,,,,,,,,,,,,,CBF / ge historical match matrix,https://www.cbf.com.br/futebol-brasileiro/tabelas/campeonato-brasileiro/serie-a/2024?documento=Tabela+Detalhada,https://github.com/williamorim/brasileirao,2026-09-10T19:36:00-03:00,HIGH
Brasileirão Série A,2024,18,2024-07-21,18:31,Juventude,São Paulo,0,0,,,DRAW,,,,,,,,,,,,,,,,,CBF / ge historical match matrix,https://www.cbf.com.br/futebol-brasileiro/tabelas/campeonato-brasileiro/serie-a/2024?documento=Tabela+Detalhada,https://github.com/williamorim/brasileirao,2026-09-10T19:36:00-03:00,HIGH
Brasileirão Série A,2024,18,2024-07-21,20:00,Cuiabá,Fluminense,0,1,,,Fluminense,,,,,,,,,,,,,,,,,CBF / ge historical match matrix,https://www.cbf.com.br/futebol-brasileiro/tabelas/campeonato-brasileiro/serie-a/2024?documento=Tabela+Detalhada,https://github.com/williamorim/brasileirao,2026-09-10T19:36:00-03:00,HIGH
Brasileirão Série A,2024,19,2024-07-24,19:02,Cruzeiro,Juventude,2,0,,,Cruzeiro,,,,,,,,,,,,,,,,,CBF / ge historical match matrix,https://www.cbf.com.br/futebol-brasileiro/tabelas/campeonato-brasileiro/serie-a/2024?documento=Tabela+Detalhada,https://github.com/williamorim/brasileirao,2026-09-10T19:36:00-03:00,HIGH
Brasileirão Série A,2024,19,2024-07-24,19:34,São Paulo,Botafogo,2,2,,,DRAW,,,,,,,,,,,,,,,,,CBF / ge historical match matrix,https://www.cbf.com.br/futebol-brasileiro/tabelas/campeonato-brasileiro/serie-a/2024?documento=Tabela+Detalhada,https://github.com/williamorim/brasileirao,2026-09-10T19:36:00-03:00,HIGH
Brasileirão Série A,2024,19,2024-07-24,20:00,Vitória,Flamengo,1,2,,,Flamengo,,,,,,,,,,,,,,,,,CBF / ge historical match matrix,https://www.cbf.com.br/futebol-brasileiro/tabelas/campeonato-brasileiro/serie-a/2024?documento=Tabela+Detalhada,https://github.com/williamorim/brasileirao,2026-09-10T19:36:00-03:00,HIGH
Brasileirão Série A,2024,19,2024-07-24,21:30,Atlético-GO,Bahia,1,1,,,DRAW,,,,,,,,,,,,,,,,,CBF / ge historical match matrix,https://www.cbf.com.br/futebol-brasileiro/tabelas/campeonato-brasileiro/serie-a/2024?documento=Tabela+Detalhada,https://github.com/williamorim/brasileirao,2026-09-10T19:36:00-03:00,HIGH
Brasileirão Série A,2024,19,2024-07-24,21:30,Fluminense,Palmeiras,1,0,,,Fluminense,,,,,,,,,,,,,,,,,CBF / ge historical match matrix,https://www.cbf.com.br/futebol-brasileiro/tabelas/campeonato-brasileiro/serie-a/2024?documento=Tabela+Detalhada,https://github.com/williamorim/brasileirao,2026-09-10T19:36:00-03:00,HIGH
Brasileirão Série A,2024,19,2024-07-25,20:00,Corinthians,Grêmio,2,2,,,DRAW,,,,,,,,,,,,,,,,,CBF / ge historical match matrix,https://www.cbf.com.br/futebol-brasileiro/tabelas/campeonato-brasileiro/serie-a/2024?documento=Tabela+Detalhada,https://github.com/williamorim/brasileirao,2026-09-10T19:36:00-03:00,HIGH
Brasileirão Série A,2024,19,2024-08-28,19:33,Criciúma,Bragantino,1,0,,,Criciúma,,,,,,,,,,,,,,,,,CBF / ge historical match matrix,https://www.cbf.com.br/futebol-brasileiro/tabelas/campeonato-brasileiro/serie-a/2024?documento=Tabela+Detalhada,https://github.com/williamorim/brasileirao,2026-09-10T19:36:00-03:00,HIGH
Brasileirão Série A,2024,19,2024-09-11,19:29,Internacional,Fortaleza,2,1,,,Internacional,,,,,,,,,,,,,,,,,CBF / ge historical match matrix,https://www.cbf.com.br/futebol-brasileiro/tabelas/campeonato-brasileiro/serie-a/2024?documento=Tabela+Detalhada,https://github.com/williamorim/brasileirao,2026-09-10T19:36:00-03:00,HIGH
Brasileirão Série A,2024,19,2024-10-24,19:01,Vasco,Cuiabá,1,0,,,Vasco,,,,,,,,,,,,,,,,,CBF / ge historical match matrix,https://www.cbf.com.br/futebol-brasileiro/tabelas/campeonato-brasileiro/serie-a/2024?documento=Tabela+Detalhada,https://github.com/williamorim/brasileirao,2026-09-10T19:36:00-03:00,HIGH
Brasileirão Série A,2024,19,2024-11-16,18:30,Athletico-PR,Atlético-MG,1,0,,,Athletico-PR,,,,,,,,,,,,,,,,,CBF / ge historical match matrix,https://www.cbf.com.br/futebol-brasileiro/tabelas/campeonato-brasileiro/serie-a/2024?documento=Tabela+Detalhada,https://github.com/williamorim/brasileirao,2026-09-10T19:36:00-03:00,HIGH
Brasileirão Série A,2024,20,2024-07-27,18:59,Palmeiras,Vitória,0,2,,,Vitória,,,,,,,,,,,,,,,,,CBF / ge historical match matrix,https://www.cbf.com.br/futebol-brasileiro/tabelas/campeonato-brasileiro/serie-a/2024?documento=Tabela+Detalhada,https://github.com/williamorim/brasileirao,2026-09-10T19:36:00-03:00,HIGH
Brasileirão Série A,2024,20,2024-07-27,19:00,Juventude,Criciúma,1,2,,,Criciúma,,,,,,,,,,,,,,,,,CBF / ge historical match matrix,https://www.cbf.com.br/futebol-brasileiro/tabelas/campeonato-brasileiro/serie-a/2024?documento=Tabela+Detalhada,https://github.com/williamorim/brasileirao,2026-09-10T19:36:00-03:00,HIGH
Brasileirão Série A,2024,20,2024-07-27,20:01,Bahia,Internacional,1,1,,,DRAW,,,,,,,,,,,,,,,,,CBF / ge historical match matrix,https://www.cbf.com.br/futebol-brasileiro/tabelas/campeonato-brasileiro/serie-a/2024?documento=Tabela+Detalhada,https://github.com/williamorim/brasileirao,2026-09-10T19:36:00-03:00,HIGH
Brasileirão Série A,2024,20,2024-07-27,21:30,Botafogo,Cruzeiro,0,3,,,Cruzeiro,,,,,,,,,,,,,,,,,CBF / ge historical match matrix,https://www.cbf.com.br/futebol-brasileiro/tabelas/campeonato-brasileiro/serie-a/2024?documento=Tabela+Detalhada,https://github.com/williamorim/brasileirao,2026-09-10T19:36:00-03:00,HIGH
Brasileirão Série A,2024,20,2024-07-27,21:30,Fortaleza,São Paulo,1,0,,,Fortaleza,,,,,,,,,,,,,,,,,CBF / ge historical match matrix,https://www.cbf.com.br/futebol-brasileiro/tabelas/campeonato-brasileiro/serie-a/2024?documento=Tabela+Detalhada,https://github.com/williamorim/brasileirao,2026-09-10T19:36:00-03:00,HIGH
Brasileirão Série A,2024,20,2024-07-28,11:02,Bragantino,Fluminense,0,1,,,Fluminense,,,,,,,,,,,,,,,,,CBF / ge historical match matrix,https://www.cbf.com.br/futebol-brasileiro/tabelas/campeonato-brasileiro/serie-a/2024?documento=Tabela+Detalhada,https://github.com/williamorim/brasileirao,2026-09-10T19:36:00-03:00,HIGH
Brasileirão Série A,2024,20,2024-07-28,16:00,Flamengo,Atlético-GO,2,0,,,Flamengo,,,,,,,,,,,,,,,,,CBF / ge historical match matrix,https://www.cbf.com.br/futebol-brasileiro/tabelas/campeonato-brasileiro/serie-a/2024?documento=Tabela+Detalhada,https://github.com/williamorim/brasileirao,2026-09-10T19:36:00-03:00,HIGH
Brasileirão Série A,2024,20,2024-07-28,19:00,Atlético-MG,Corinthians,2,1,,,Atlético-MG,,,,,,,,,,,,,,,,,CBF / ge historical match matrix,https://www.cbf.com.br/futebol-brasileiro/tabelas/campeonato-brasileiro/serie-a/2024?documento=Tabela+Detalhada,https://github.com/williamorim/brasileirao,2026-09-10T19:36:00-03:00,HIGH
Brasileirão Série A,2024,20,2024-07-28,19:00,Cuiabá,Athletico-PR,1,2,,,Athletico-PR,,,,,,,,,,,,,,,,,CBF / ge historical match matrix,https://www.cbf.com.br/futebol-brasileiro/tabelas/campeonato-brasileiro/serie-a/2024?documento=Tabela+Detalhada,https://github.com/williamorim/brasileirao,2026-09-10T19:36:00-03:00,HIGH
Brasileirão Série A,2024,20,2024-07-28,19:00,Grêmio,Vasco,1,0,,,Grêmio,,,,,,,,,,,,,,,,,CBF / ge historical match matrix,https://www.cbf.com.br/futebol-brasileiro/tabelas/campeonato-brasileiro/serie-a/2024?documento=Tabela+Detalhada,https://github.com/williamorim/brasileirao,2026-09-10T19:36:00-03:00,HIGH
Brasileirão Série A,2024,21,2024-08-03,16:01,Vitória,Cuiabá,1,0,,,Vitória,,,,,,,,,,,,,,,,,CBF / ge historical match matrix,https://www.cbf.com.br/futebol-brasileiro/tabelas/campeonato-brasileiro/serie-a/2024?documento=Tabela+Detalhada,https://github.com/williamorim/brasileirao,2026-09-10T19:36:00-03:00,HIGH
Brasileirão Série A,2024,21,2024-08-03,19:01,Vasco,Bragantino,2,2,,,DRAW,,,,,,,,,,,,,,,,,CBF / ge historical match matrix,https://www.cbf.com.br/futebol-brasileiro/tabelas/campeonato-brasileiro/serie-a/2024?documento=Tabela+Detalhada,https://github.com/williamorim/brasileirao,2026-09-10T19:36:00-03:00,HIGH
Brasileirão Série A,2024,21,2024-08-03,20:00,Atlético-GO,Botafogo,1,4,,,Botafogo,,,,,,,,,,,,,,,,,CBF / ge historical match matrix,https://www.cbf.com.br/futebol-brasileiro/tabelas/campeonato-brasileiro/serie-a/2024?documento=Tabela+Detalhada,https://github.com/williamorim/brasileirao,2026-09-10T19:36:00-03:00,HIGH
Brasileirão Série A,2024,21,2024-08-03,20:02,Criciúma,Atlético-MG,2,1,,,Criciúma,,,,,,,,,,,,,,,,,CBF / ge historical match matrix,https://www.cbf.com.br/futebol-brasileiro/tabelas/campeonato-brasileiro/serie-a/2024?documento=Tabela+Detalhada,https://github.com/williamorim/brasileirao,2026-09-10T19:36:00-03:00,HIGH
Brasileirão Série A,2024,21,2024-08-03,21:34,São Paulo,Flamengo,1,0,,,São Paulo,,,,,,,,,,,,,,,,,CBF / ge historical match matrix,https://www.cbf.com.br/futebol-brasileiro/tabelas/campeonato-brasileiro/serie-a/2024?documento=Tabela+Detalhada,https://github.com/williamorim/brasileirao,2026-09-10T19:36:00-03:00,HIGH
Brasileirão Série A,2024,21,2024-08-04,16:00,Athletico-PR,Grêmio,0,2,,,Grêmio,,,,,,,,,,,,,,,,,CBF / ge historical match matrix,https://www.cbf.com.br/futebol-brasileiro/tabelas/campeonato-brasileiro/serie-a/2024?documento=Tabela+Detalhada,https://github.com/williamorim/brasileirao,2026-09-10T19:36:00-03:00,HIGH
Brasileirão Série A,2024,21,2024-08-04,16:00,Corinthians,Juventude,1,1,,,DRAW,,,,,,,,,,,,,,,,,CBF / ge historical match matrix,https://www.cbf.com.br/futebol-brasileiro/tabelas/campeonato-brasileiro/serie-a/2024?documento=Tabela+Detalhada,https://github.com/williamorim/brasileirao,2026-09-10T19:36:00-03:00,HIGH
Brasileirão Série A,2024,21,2024-08-04,16:00,Fluminense,Bahia,1,0,,,Fluminense,,,,,,,,,,,,,,,,,CBF / ge historical match matrix,https://www.cbf.com.br/futebol-brasileiro/tabelas/campeonato-brasileiro/serie-a/2024?documento=Tabela+Detalhada,https://github.com/williamorim/brasileirao,2026-09-10T19:36:00-03:00,HIGH
Brasileirão Série A,2024,21,2024-08-04,17:00,Internacional,Palmeiras,1,1,,,DRAW,,,,,,,,,,,,,,,,,CBF / ge historical match matrix,https://www.cbf.com.br/futebol-brasileiro/tabelas/campeonato-brasileiro/serie-a/2024?documento=Tabela+Detalhada,https://github.com/williamorim/brasileirao,2026-09-10T19:36:00-03:00,HIGH
Brasileirão Série A,2024,21,2024-08-05,21:02,Cruzeiro,Fortaleza,1,2,,,Fortaleza,,,,,,,,,,,,,,,,,CBF / ge historical match matrix,https://www.cbf.com.br/futebol-brasileiro/tabelas/campeonato-brasileiro/serie-a/2024?documento=Tabela+Detalhada,https://github.com/williamorim/brasileirao,2026-09-10T19:36:00-03:00,HIGH
Brasileirão Série A,2024,22,2024-08-10,16:02,Fortaleza,Criciúma,1,0,,,Fortaleza,,,,,,,,,,,,,,,,,CBF / ge historical match matrix,https://www.cbf.com.br/futebol-brasileiro/tabelas/campeonato-brasileiro/serie-a/2024?documento=Tabela+Detalhada,https://github.com/williamorim/brasileirao,2026-09-10T19:36:00-03:00,HIGH
Brasileirão Série A,2024,22,2024-08-10,19:01,Cuiabá,Grêmio,1,3,,,Grêmio,,,,,,,,,,,,,,,,,CBF / ge historical match matrix,https://www.cbf.com.br/futebol-brasileiro/tabelas/campeonato-brasileiro/serie-a/2024?documento=Tabela+Detalhada,https://github.com/williamorim/brasileirao,2026-09-10T19:36:00-03:00,HIGH
Brasileirão Série A,2024,22,2024-08-10,21:30,Corinthians,Bragantino,1,1,,,DRAW,,,,,,,,,,,,,,,,,CBF / ge historical match matrix,https://www.cbf.com.br/futebol-brasileiro/tabelas/campeonato-brasileiro/serie-a/2024?documento=Tabela+Detalhada,https://github.com/williamorim/brasileirao,2026-09-10T19:36:00-03:00,HIGH
Brasileirão Série A,2024,22,2024-08-10,21:30,Cruzeiro,Atlético-MG,0,0,,,DRAW,,,,,,,,,,,,,,,,,CBF / ge historical match matrix,https://www.cbf.com.br/futebol-brasileiro/tabelas/campeonato-brasileiro/serie-a/2024?documento=Tabela+Detalhada,https://github.com/williamorim/brasileirao,2026-09-10T19:36:00-03:00,HIGH
Brasileirão Série A,2024,22,2024-08-10,21:33,Vasco,Fluminense,2,0,,,Vasco,,,,,,,,,,,,,,,,,CBF / ge historical match matrix,https://www.cbf.com.br/futebol-brasileiro/tabelas/campeonato-brasileiro/serie-a/2024?documento=Tabela+Detalhada,https://github.com/williamorim/brasileirao,2026-09-10T19:36:00-03:00,HIGH
Brasileirão Série A,2024,22,2024-08-11,11:02,Juventude,Botafogo,3,2,,,Juventude,,,,,,,,,,,,,,,,,CBF / ge historical match matrix,https://www.cbf.com.br/futebol-brasileiro/tabelas/campeonato-brasileiro/serie-a/2024?documento=Tabela+Detalhada,https://github.com/williamorim/brasileirao,2026-09-10T19:36:00-03:00,HIGH
Brasileirão Série A,2024,22,2024-08-11,16:00,Flamengo,Palmeiras,1,1,,,DRAW,,,,,,,,,,,,,,,,,CBF / ge historical match matrix,https://www.cbf.com.br/futebol-brasileiro/tabelas/campeonato-brasileiro/serie-a/2024?documento=Tabela+Detalhada,https://github.com/williamorim/brasileirao,2026-09-10T19:36:00-03:00,HIGH
Brasileirão Série A,2024,22,2024-08-11,16:00,São Paulo,Atlético-GO,1,0,,,São Paulo,,,,,,,,,,,,,,,,,CBF / ge historical match matrix,https://www.cbf.com.br/futebol-brasileiro/tabelas/campeonato-brasileiro/serie-a/2024?documento=Tabela+Detalhada,https://github.com/williamorim/brasileirao,2026-09-10T19:36:00-03:00,HIGH
Brasileirão Série A,2024,22,2024-08-11,16:01,Bahia,Vitória,2,0,,,Bahia,,,,,,,,,,,,,,,,,CBF / ge historical match matrix,https://www.cbf.com.br/futebol-brasileiro/tabelas/campeonato-brasileiro/serie-a/2024?documento=Tabela+Detalhada,https://github.com/williamorim/brasileirao,2026-09-10T19:36:00-03:00,HIGH
Brasileirão Série A,2024,22,2024-08-11,19:00,Internacional,Athletico-PR,2,2,,,DRAW,,,,,,,,,,,,,,,,,CBF / ge historical match matrix,https://www.cbf.com.br/futebol-brasileiro/tabelas/campeonato-brasileiro/serie-a/2024?documento=Tabela+Detalhada,https://github.com/williamorim/brasileirao,2026-09-10T19:36:00-03:00,HIGH
Brasileirão Série A,2024,23,2024-08-17,16:00,Grêmio,Bahia,0,2,,,Bahia,,,,,,,,,,,,,,,,,CBF / ge historical match matrix,https://www.cbf.com.br/futebol-brasileiro/tabelas/campeonato-brasileiro/serie-a/2024?documento=Tabela+Detalhada,https://github.com/williamorim/brasileirao,2026-09-10T19:36:00-03:00,HIGH
Brasileirão Série A,2024,23,2024-08-17,16:01,Atlético-MG,Cuiabá,1,1,,,DRAW,,,,,,,,,,,,,,,,,CBF / ge historical match matrix,https://www.cbf.com.br/futebol-brasileiro/tabelas/campeonato-brasileiro/serie-a/2024?documento=Tabela+Detalhada,https://github.com/williamorim/brasileirao,2026-09-10T19:36:00-03:00,HIGH
Brasileirão Série A,2024,23,2024-08-17,18:30,Bragantino,Fortaleza,1,2,,,Fortaleza,,,,,,,,,,,,,,,,,CBF / ge historical match matrix,https://www.cbf.com.br/futebol-brasileiro/tabelas/campeonato-brasileiro/serie-a/2024?documento=Tabela+Detalhada,https://github.com/williamorim/brasileirao,2026-09-10T19:36:00-03:00,HIGH
Brasileirão Série A,2024,23,2024-08-17,21:00,Fluminense,Corinthians,0,0,,,DRAW,,,,,,,,,,,,,,,,,CBF / ge historical match matrix,https://www.cbf.com.br/futebol-brasileiro/tabelas/campeonato-brasileiro/serie-a/2024?documento=Tabela+Detalhada,https://github.com/williamorim/brasileirao,2026-09-10T19:36:00-03:00,HIGH
Brasileirão Série A,2024,23,2024-08-18,16:00,Atlético-GO,Internacional,1,0,,,Atlético-GO,,,,,,,,,,,,,,,,,CBF / ge historical match matrix,https://www.cbf.com.br/futebol-brasileiro/tabelas/campeonato-brasileiro/serie-a/2024?documento=Tabela+Detalhada,https://github.com/williamorim/brasileirao,2026-09-10T19:36:00-03:00,HIGH
Brasileirão Série A,2024,23,2024-08-18,16:00,Palmeiras,São Paulo,2,1,,,Palmeiras,,,,,,,,,,,,,,,,,CBF / ge historical match matrix,https://www.cbf.com.br/futebol-brasileiro/tabelas/campeonato-brasileiro/serie-a/2024?documento=Tabela+Detalhada,https://github.com/williamorim/brasileirao,2026-09-10T19:36:00-03:00,HIGH
Brasileirão Série A,2024,23,2024-08-18,16:02,Criciúma,Vasco,2,2,,,DRAW,,,,,,,,,,,,,,,,,CBF / ge historical match matrix,https://www.cbf.com.br/futebol-brasileiro/tabelas/campeonato-brasileiro/serie-a/2024?documento=Tabela+Detalhada,https://github.com/williamorim/brasileirao,2026-09-10T19:36:00-03:00,HIGH
Brasileirão Série A,2024,23,2024-08-18,18:31,Athletico-PR,Juventude,1,2,,,Juventude,,,,,,,,,,,,,,,,,CBF / ge historical match matrix,https://www.cbf.com.br/futebol-brasileiro/tabelas/campeonato-brasileiro/serie-a/2024?documento=Tabela+Detalhada,https://github.com/williamorim/brasileirao,2026-09-10T19:36:00-03:00,HIGH
Brasileirão Série A,2024,23,2024-08-18,18:32,Botafogo,Flamengo,4,1,,,Botafogo,,,,,,,,,,,,,,,,,CBF / ge historical match matrix,https://www.cbf.com.br/futebol-brasileiro/tabelas/campeonato-brasileiro/serie-a/2024?documento=Tabela+Detalhada,https://github.com/williamorim/brasileirao,2026-09-10T19:36:00-03:00,HIGH
Brasileirão Série A,2024,23,2024-08-19,20:02,Vitória,Cruzeiro,2,2,,,DRAW,,,,,,,,,,,,,,,,,CBF / ge historical match matrix,https://www.cbf.com.br/futebol-brasileiro/tabelas/campeonato-brasileiro/serie-a/2024?documento=Tabela+Detalhada,https://github.com/williamorim/brasileirao,2026-09-10T19:36:00-03:00,HIGH
Brasileirão Série A,2024,24,2024-08-24,16:03,Atlético-GO,Juventude,2,1,,,Atlético-GO,,,,,,,,,,,,,,,,,CBF / ge historical match matrix,https://www.cbf.com.br/futebol-brasileiro/tabelas/campeonato-brasileiro/serie-a/2024?documento=Tabela+Detalhada,https://github.com/williamorim/brasileirao,2026-09-10T19:36:00-03:00,HIGH
Brasileirão Série A,2024,24,2024-08-24,18:32,Palmeiras,Cuiabá,5,0,,,Palmeiras,,,,,,,,,,,,,,,,,CBF / ge historical match matrix,https://www.cbf.com.br/futebol-brasileiro/tabelas/campeonato-brasileiro/serie-a/2024?documento=Tabela+Detalhada,https://github.com/williamorim/brasileirao,2026-09-10T19:36:00-03:00,HIGH
Brasileirão Série A,2024,24,2024-08-24,21:00,Atlético-MG,Fluminense,0,2,,,Fluminense,,,,,,,,,,,,,,,,,CBF / ge historical match matrix,https://www.cbf.com.br/futebol-brasileiro/tabelas/campeonato-brasileiro/serie-a/2024?documento=Tabela+Detalhada,https://github.com/williamorim/brasileirao,2026-09-10T19:36:00-03:00,HIGH
Brasileirão Série A,2024,24,2024-08-25,16:00,Bahia,Botafogo,0,0,,,DRAW,,,,,,,,,,,,,,,,,CBF / ge historical match matrix,https://www.cbf.com.br/futebol-brasileiro/tabelas/campeonato-brasileiro/serie-a/2024?documento=Tabela+Detalhada,https://github.com/williamorim/brasileirao,2026-09-10T19:36:00-03:00,HIGH
Brasileirão Série A,2024,24,2024-08-25,16:01,Fortaleza,Corinthians,1,0,,,Fortaleza,,,,,,,,,,,,,,,,,CBF / ge historical match matrix,https://www.cbf.com.br/futebol-brasileiro/tabelas/campeonato-brasileiro/serie-a/2024?documento=Tabela+Detalhada,https://github.com/williamorim/brasileirao,2026-09-10T19:36:00-03:00,HIGH
Brasileirão Série A,2024,24,2024-08-25,16:03,Criciúma,Grêmio,0,1,,,Grêmio,,,,,,,,,,,,,,,,,CBF / ge historical match matrix,https://www.cbf.com.br/futebol-brasileiro/tabelas/campeonato-brasileiro/serie-a/2024?documento=Tabela+Detalhada,https://github.com/williamorim/brasileirao,2026-09-10T19:36:00-03:00,HIGH
Brasileirão Série A,2024,24,2024-08-25,18:32,São Paulo,Vitória,2,1,,,São Paulo,,,,,,,,,,,,,,,,,CBF / ge historical match matrix,https://www.cbf.com.br/futebol-brasileiro/tabelas/campeonato-brasileiro/serie-a/2024?documento=Tabela+Detalhada,https://github.com/williamorim/brasileirao,2026-09-10T19:36:00-03:00,HIGH
Brasileirão Série A,2024,24,2024-08-25,19:00,Internacional,Cruzeiro,1,0,,,Internacional,,,,,,,,,,,,,,,,,CBF / ge historical match matrix,https://www.cbf.com.br/futebol-brasileiro/tabelas/campeonato-brasileiro/serie-a/2024?documento=Tabela+Detalhada,https://github.com/williamorim/brasileirao,2026-09-10T19:36:00-03:00,HIGH
Brasileirão Série A,2024,24,2024-08-25,20:00,Flamengo,Bragantino,2,1,,,Flamengo,,,,,,,,,,,,,,,,,CBF / ge historical match matrix,https://www.cbf.com.br/futebol-brasileiro/tabelas/campeonato-brasileiro/serie-a/2024?documento=Tabela+Detalhada,https://github.com/williamorim/brasileirao,2026-09-10T19:36:00-03:00,HIGH
Brasileirão Série A,2024,24,2024-08-26,21:02,Vasco,Athletico-PR,2,1,,,Vasco,,,,,,,,,,,,,,,,,CBF / ge historical match matrix,https://www.cbf.com.br/futebol-brasileiro/tabelas/campeonato-brasileiro/serie-a/2024?documento=Tabela+Detalhada,https://github.com/williamorim/brasileirao,2026-09-10T19:36:00-03:00,HIGH
Brasileirão Série A,2024,25,2024-08-31,18:30,Cuiabá,Criciúma,2,1,,,Cuiabá,,,,,,,,,,,,,,,,,CBF / ge historical match matrix,https://www.cbf.com.br/futebol-brasileiro/tabelas/campeonato-brasileiro/serie-a/2024?documento=Tabela+Detalhada,https://github.com/williamorim/brasileirao,2026-09-10T19:36:00-03:00,HIGH
Brasileirão Série A,2024,25,2024-08-31,21:00,Botafogo,Fortaleza,2,0,,,Botafogo,,,,,,,,,,,,,,,,,CBF / ge historical match matrix,https://www.cbf.com.br/futebol-brasileiro/tabelas/campeonato-brasileiro/serie-a/2024?documento=Tabela+Detalhada,https://github.com/williamorim/brasileirao,2026-09-10T19:36:00-03:00,HIGH
Brasileirão Série A,2024,25,2024-09-01,11:01,Cruzeiro,Atlético-GO,3,1,,,Cruzeiro,,,,,,,,,,,,,,,,,CBF / ge historical match matrix,https://www.cbf.com.br/futebol-brasileiro/tabelas/campeonato-brasileiro/serie-a/2024?documento=Tabela+Detalhada,https://github.com/williamorim/brasileirao,2026-09-10T19:36:00-03:00,HIGH
Brasileirão Série A,2024,25,2024-09-01,11:04,Grêmio,Atlético-MG,2,3,,,Atlético-MG,,,,,,,,,,,,,,,,,CBF / ge historical match matrix,https://www.cbf.com.br/futebol-brasileiro/tabelas/campeonato-brasileiro/serie-a/2024?documento=Tabela+Detalhada,https://github.com/williamorim/brasileirao,2026-09-10T19:36:00-03:00,HIGH
Brasileirão Série A,2024,25,2024-09-01,16:01,Corinthians,Flamengo,2,1,,,Corinthians,,,,,,,,,,,,,,,,,CBF / ge historical match matrix,https://www.cbf.com.br/futebol-brasileiro/tabelas/campeonato-brasileiro/serie-a/2024?documento=Tabela+Detalhada,https://github.com/williamorim/brasileirao,2026-09-10T19:36:00-03:00,HIGH
Brasileirão Série A,2024,25,2024-09-01,18:30,Athletico-PR,Palmeiras,0,2,,,Palmeiras,,,,,,,,,,,,,,,,,CBF / ge historical match matrix,https://www.cbf.com.br/futebol-brasileiro/tabelas/campeonato-brasileiro/serie-a/2024?documento=Tabela+Detalhada,https://github.com/williamorim/brasileirao,2026-09-10T19:36:00-03:00,HIGH
Brasileirão Série A,2024,25,2024-09-01,18:30,Bragantino,Bahia,2,1,,,Bragantino,,,,,,,,,,,,,,,,,CBF / ge historical match matrix,https://www.cbf.com.br/futebol-brasileiro/tabelas/campeonato-brasileiro/serie-a/2024?documento=Tabela+Detalhada,https://github.com/williamorim/brasileirao,2026-09-10T19:36:00-03:00,HIGH
Brasileirão Série A,2024,25,2024-09-01,18:30,Fluminense,São Paulo,2,0,,,Fluminense,,,,,,,,,,,,,,,,,CBF / ge historical match matrix,https://www.cbf.com.br/futebol-brasileiro/tabelas/campeonato-brasileiro/serie-a/2024?documento=Tabela+Detalhada,https://github.com/williamorim/brasileirao,2026-09-10T19:36:00-03:00,HIGH
Brasileirão Série A,2024,25,2024-09-01,18:31,Vitória,Vasco,0,1,,,Vasco,,,,,,,,,,,,,,,,,CBF / ge historical match matrix,https://www.cbf.com.br/futebol-brasileiro/tabelas/campeonato-brasileiro/serie-a/2024?documento=Tabela+Detalhada,https://github.com/williamorim/brasileirao,2026-09-10T19:36:00-03:00,HIGH
Brasileirão Série A,2024,25,2024-09-01,18:32,Juventude,Internacional,1,3,,,Internacional,,,,,,,,,,,,,,,,,CBF / ge historical match matrix,https://www.cbf.com.br/futebol-brasileiro/tabelas/campeonato-brasileiro/serie-a/2024?documento=Tabela+Detalhada,https://github.com/williamorim/brasileirao,2026-09-10T19:36:00-03:00,HIGH
Brasileirão Série A,2024,26,2024-09-14,16:01,Atlético-GO,Vitória,0,2,,,Vitória,,,,,,,,,,,,,,,,,CBF / ge historical match matrix,https://www.cbf.com.br/futebol-brasileiro/tabelas/campeonato-brasileiro/serie-a/2024?documento=Tabela+Detalhada,https://github.com/williamorim/brasileirao,2026-09-10T19:36:00-03:00,HIGH
Brasileirão Série A,2024,26,2024-09-14,18:30,Athletico-PR,Fortaleza,1,1,,,DRAW,,,,,,,,,,,,,,,,,CBF / ge historical match matrix,https://www.cbf.com.br/futebol-brasileiro/tabelas/campeonato-brasileiro/serie-a/2024?documento=Tabela+Detalhada,https://github.com/williamorim/brasileirao,2026-09-10T19:36:00-03:00,HIGH
Brasileirão Série A,2024,26,2024-09-14,21:04,Botafogo,Corinthians,2,1,,,Botafogo,,,,,,,,,,,,,,,,,CBF / ge historical match matrix,https://www.cbf.com.br/futebol-brasileiro/tabelas/campeonato-brasileiro/serie-a/2024?documento=Tabela+Detalhada,https://github.com/williamorim/brasileirao,2026-09-10T19:36:00-03:00,HIGH
Brasileirão Série A,2024,26,2024-09-15,16:00,Bragantino,Grêmio,2,2,,,DRAW,,,,,,,,,,,,,,,,,CBF / ge historical match matrix,https://www.cbf.com.br/futebol-brasileiro/tabelas/campeonato-brasileiro/serie-a/2024?documento=Tabela+Detalhada,https://github.com/williamorim/brasileirao,2026-09-10T19:36:00-03:00,HIGH
Brasileirão Série A,2024,26,2024-09-15,16:00,Palmeiras,Criciúma,5,0,,,Palmeiras,,,,,,,,,,,,,,,,,CBF / ge historical match matrix,https://www.cbf.com.br/futebol-brasileiro/tabelas/campeonato-brasileiro/serie-a/2024?documento=Tabela+Detalhada,https://github.com/williamorim/brasileirao,2026-09-10T19:36:00-03:00,HIGH
Brasileirão Série A,2024,26,2024-09-15,16:02,Juventude,Fluminense,2,1,,,Juventude,,,,,,,,,,,,,,,,,CBF / ge historical match matrix,https://www.cbf.com.br/futebol-brasileiro/tabelas/campeonato-brasileiro/serie-a/2024?documento=Tabela+Detalhada,https://github.com/williamorim/brasileirao,2026-09-10T19:36:00-03:00,HIGH
Brasileirão Série A,2024,26,2024-09-15,18:30,Cruzeiro,São Paulo,0,1,,,São Paulo,,,,,,,,,,,,,,,,,CBF / ge historical match matrix,https://www.cbf.com.br/futebol-brasileiro/tabelas/campeonato-brasileiro/serie-a/2024?documento=Tabela+Detalhada,https://github.com/williamorim/brasileirao,2026-09-10T19:36:00-03:00,HIGH
Brasileirão Série A,2024,26,2024-09-15,18:30,Flamengo,Vasco,1,1,,,DRAW,,,,,,,,,,,,,,,,,CBF / ge historical match matrix,https://www.cbf.com.br/futebol-brasileiro/tabelas/campeonato-brasileiro/serie-a/2024?documento=Tabela+Detalhada,https://github.com/williamorim/brasileirao,2026-09-10T19:36:00-03:00,HIGH
Brasileirão Série A,2024,26,2024-09-15,18:33,Bahia,Atlético-MG,3,0,,,Bahia,,,,,,,,,,,,,,,,,CBF / ge historical match matrix,https://www.cbf.com.br/futebol-brasileiro/tabelas/campeonato-brasileiro/serie-a/2024?documento=Tabela+Detalhada,https://github.com/williamorim/brasileirao,2026-09-10T19:36:00-03:00,HIGH
Brasileirão Série A,2024,26,2024-09-16,19:59,Internacional,Cuiabá,3,0,,,Internacional,,,,,,,,,,,,,,,,,CBF / ge historical match matrix,https://www.cbf.com.br/futebol-brasileiro/tabelas/campeonato-brasileiro/serie-a/2024?documento=Tabela+Detalhada,https://github.com/williamorim/brasileirao,2026-09-10T19:36:00-03:00,HIGH
Brasileirão Série A,2024,27,2024-09-21,16:01,Vitória,Juventude,1,0,,,Vitória,,,,,,,,,,,,,,,,,CBF / ge historical match matrix,https://www.cbf.com.br/futebol-brasileiro/tabelas/campeonato-brasileiro/serie-a/2024?documento=Tabela+Detalhada,https://github.com/williamorim/brasileirao,2026-09-10T19:36:00-03:00,HIGH
Brasileirão Série A,2024,27,2024-09-21,16:03,Corinthians,Atlético-GO,3,0,,,Corinthians,,,,,,,,,,,,,,,,,CBF / ge historical match matrix,https://www.cbf.com.br/futebol-brasileiro/tabelas/campeonato-brasileiro/serie-a/2024?documento=Tabela+Detalhada,https://github.com/williamorim/brasileirao,2026-09-10T19:36:00-03:00,HIGH
Brasileirão Série A,2024,27,2024-09-21,18:30,Fluminense,Botafogo,0,1,,,Botafogo,,,,,,,,,,,,,,,,,CBF / ge historical match matrix,https://www.cbf.com.br/futebol-brasileiro/tabelas/campeonato-brasileiro/serie-a/2024?documento=Tabela+Detalhada,https://github.com/williamorim/brasileirao,2026-09-10T19:36:00-03:00,HIGH
Brasileirão Série A,2024,27,2024-09-21,21:00,Fortaleza,Bahia,4,1,,,Fortaleza,,,,,,,,,,,,,,,,,CBF / ge historical match matrix,https://www.cbf.com.br/futebol-brasileiro/tabelas/campeonato-brasileiro/serie-a/2024?documento=Tabela+Detalhada,https://github.com/williamorim/brasileirao,2026-09-10T19:36:00-03:00,HIGH
Brasileirão Série A,2024,27,2024-09-22,16:00,Atlético-MG,Bragantino,3,0,,,Atlético-MG,,,,,,,,,,,,,,,,,CBF / ge historical match matrix,https://www.cbf.com.br/futebol-brasileiro/tabelas/campeonato-brasileiro/serie-a/2024?documento=Tabela+Detalhada,https://github.com/williamorim/brasileirao,2026-09-10T19:36:00-03:00,HIGH
Brasileirão Série A,2024,27,2024-09-22,16:01,Vasco,Palmeiras,0,1,,,Palmeiras,,,,,,,,,,,,,,,,,CBF / ge historical match matrix,https://www.cbf.com.br/futebol-brasileiro/tabelas/campeonato-brasileiro/serie-a/2024?documento=Tabela+Detalhada,https://github.com/williamorim/brasileirao,2026-09-10T19:36:00-03:00,HIGH
Brasileirão Série A,2024,27,2024-09-22,18:30,Cuiabá,Cruzeiro,0,0,,,DRAW,,,,,,,,,,,,,,,,,CBF / ge historical match matrix,https://www.cbf.com.br/futebol-brasileiro/tabelas/campeonato-brasileiro/serie-a/2024?documento=Tabela+Detalhada,https://github.com/williamorim/brasileirao,2026-09-10T19:36:00-03:00,HIGH
Brasileirão Série A,2024,27,2024-09-22,18:31,São Paulo,Internacional,1,3,,,Internacional,,,,,,,,,,,,,,,,,CBF / ge historical match matrix,https://www.cbf.com.br/futebol-brasileiro/tabelas/campeonato-brasileiro/serie-a/2024?documento=Tabela+Detalhada,https://github.com/williamorim/brasileirao,2026-09-10T19:36:00-03:00,HIGH
Brasileirão Série A,2024,27,2024-09-22,18:33,Grêmio,Flamengo,3,2,,,Grêmio,,,,,,,,,,,,,,,,,CBF / ge historical match matrix,https://www.cbf.com.br/futebol-brasileiro/tabelas/campeonato-brasileiro/serie-a/2024?documento=Tabela+Detalhada,https://github.com/williamorim/brasileirao,2026-09-10T19:36:00-03:00,HIGH
Brasileirão Série A,2024,27,2024-09-22,20:02,Criciúma,Athletico-PR,0,0,,,DRAW,,,,,,,,,,,,,,,,,CBF / ge historical match matrix,https://www.cbf.com.br/futebol-brasileiro/tabelas/campeonato-brasileiro/serie-a/2024?documento=Tabela+Detalhada,https://github.com/williamorim/brasileirao,2026-09-10T19:36:00-03:00,HIGH
Brasileirão Série A,2024,28,2024-09-28,18:31,Palmeiras,Atlético-MG,2,1,,,Palmeiras,,,,,,,,,,,,,,,,,CBF / ge historical match matrix,https://www.cbf.com.br/futebol-brasileiro/tabelas/campeonato-brasileiro/serie-a/2024?documento=Tabela+Detalhada,https://github.com/williamorim/brasileirao,2026-09-10T19:36:00-03:00,HIGH
Brasileirão Série A,2024,28,2024-09-28,21:00,Botafogo,Grêmio,0,0,,,DRAW,,,,,,,,,,,,,,,,,CBF / ge historical match matrix,https://www.cbf.com.br/futebol-brasileiro/tabelas/campeonato-brasileiro/serie-a/2024?documento=Tabela+Detalhada,https://github.com/williamorim/brasileirao,2026-09-10T19:36:00-03:00,HIGH
Brasileirão Série A,2024,28,2024-09-29,11:02,Juventude,Bragantino,1,1,,,DRAW,,,,,,,,,,,,,,,,,CBF / ge historical match matrix,https://www.cbf.com.br/futebol-brasileiro/tabelas/campeonato-brasileiro/serie-a/2024?documento=Tabela+Detalhada,https://github.com/williamorim/brasileirao,2026-09-10T19:36:00-03:00,HIGH
Brasileirão Série A,2024,28,2024-09-29,16:00,Atlético-GO,Fluminense,1,0,,,Atlético-GO,,,,,,,,,,,,,,,,,CBF / ge historical match matrix,https://www.cbf.com.br/futebol-brasileiro/tabelas/campeonato-brasileiro/serie-a/2024?documento=Tabela+Detalhada,https://github.com/williamorim/brasileirao,2026-09-10T19:36:00-03:00,HIGH
Brasileirão Série A,2024,28,2024-09-29,16:01,Fortaleza,Cuiabá,1,0,,,Fortaleza,,,,,,,,,,,,,,,,,CBF / ge historical match matrix,https://www.cbf.com.br/futebol-brasileiro/tabelas/campeonato-brasileiro/serie-a/2024?documento=Tabela+Detalhada,https://github.com/williamorim/brasileirao,2026-09-10T19:36:00-03:00,HIGH
Brasileirão Série A,2024,28,2024-09-29,16:02,São Paulo,Corinthians,3,1,,,São Paulo,,,,,,,,,,,,,,,,,CBF / ge historical match matrix,https://www.cbf.com.br/futebol-brasileiro/tabelas/campeonato-brasileiro/serie-a/2024?documento=Tabela+Detalhada,https://github.com/williamorim/brasileirao,2026-09-10T19:36:00-03:00,HIGH
Brasileirão Série A,2024,28,2024-09-29,18:29,Cruzeiro,Vasco,1,1,,,DRAW,,,,,,,,,,,,,,,,,CBF / ge historical match matrix,https://www.cbf.com.br/futebol-brasileiro/tabelas/campeonato-brasileiro/serie-a/2024?documento=Tabela+Detalhada,https://github.com/williamorim/brasileirao,2026-09-10T19:36:00-03:00,HIGH
Brasileirão Série A,2024,28,2024-09-29,18:29,Internacional,Vitória,3,1,,,Internacional,,,,,,,,,,,,,,,,,CBF / ge historical match matrix,https://www.cbf.com.br/futebol-brasileiro/tabelas/campeonato-brasileiro/serie-a/2024?documento=Tabela+Detalhada,https://github.com/williamorim/brasileirao,2026-09-10T19:36:00-03:00,HIGH
Brasileirão Série A,2024,28,2024-09-29,18:33,Bahia,Criciúma,1,0,,,Bahia,,,,,,,,,,,,,,,,,CBF / ge historical match matrix,https://www.cbf.com.br/futebol-brasileiro/tabelas/campeonato-brasileiro/serie-a/2024?documento=Tabela+Detalhada,https://github.com/williamorim/brasileirao,2026-09-10T19:36:00-03:00,HIGH
Brasileirão Série A,2024,28,2024-09-29,20:00,Flamengo,Athletico-PR,1,0,,,Flamengo,,,,,,,,,,,,,,,,,CBF / ge historical match matrix,https://www.cbf.com.br/futebol-brasileiro/tabelas/campeonato-brasileiro/serie-a/2024?documento=Tabela+Detalhada,https://github.com/williamorim/brasileirao,2026-09-10T19:36:00-03:00,HIGH
Brasileirão Série A,2024,29,2024-10-03,19:01,Criciúma,Atlético-GO,2,0,,,Criciúma,,,,,,,,,,,,,,,,,CBF / ge historical match matrix,https://www.cbf.com.br/futebol-brasileiro/tabelas/campeonato-brasileiro/serie-a/2024?documento=Tabela+Detalhada,https://github.com/williamorim/brasileirao,2026-09-10T19:36:00-03:00,HIGH
Brasileirão Série A,2024,29,2024-10-03,21:29,Fluminense,Cruzeiro,1,0,,,Fluminense,,,,,,,,,,,,,,,,,CBF / ge historical match matrix,https://www.cbf.com.br/futebol-brasileiro/tabelas/campeonato-brasileiro/serie-a/2024?documento=Tabela+Detalhada,https://github.com/williamorim/brasileirao,2026-09-10T19:36:00-03:00,HIGH
Brasileirão Série A,2024,29,2024-10-04,21:31,Grêmio,Fortaleza,3,1,,,Grêmio,,,,,,,,,,,,,,,,,CBF / ge historical match matrix,https://www.cbf.com.br/futebol-brasileiro/tabelas/campeonato-brasileiro/serie-a/2024?documento=Tabela+Detalhada,https://github.com/williamorim/brasileirao,2026-09-10T19:36:00-03:00,HIGH
Brasileirão Série A,2024,29,2024-10-05,16:29,Atlético-MG,Vitória,2,2,,,DRAW,,,,,,,,,,,,,,,,,CBF / ge historical match matrix,https://www.cbf.com.br/futebol-brasileiro/tabelas/campeonato-brasileiro/serie-a/2024?documento=Tabela+Detalhada,https://github.com/williamorim/brasileirao,2026-09-10T19:36:00-03:00,HIGH
Brasileirão Série A,2024,29,2024-10-05,16:30,Bragantino,Palmeiras,0,0,,,DRAW,,,,,,,,,,,,,,,,,CBF / ge historical match matrix,https://www.cbf.com.br/futebol-brasileiro/tabelas/campeonato-brasileiro/serie-a/2024?documento=Tabela+Detalhada,https://github.com/williamorim/brasileirao,2026-09-10T19:36:00-03:00,HIGH
Brasileirão Série A,2024,29,2024-10-05,16:31,Athletico-PR,Botafogo,0,1,,,Botafogo,,,,,,,,,,,,,,,,,CBF / ge historical match matrix,https://www.cbf.com.br/futebol-brasileiro/tabelas/campeonato-brasileiro/serie-a/2024?documento=Tabela+Detalhada,https://github.com/williamorim/brasileirao,2026-09-10T19:36:00-03:00,HIGH
Brasileirão Série A,2024,29,2024-10-05,19:00,Cuiabá,São Paulo,2,0,,,Cuiabá,,,,,,,,,,,,,,,,,CBF / ge historical match matrix,https://www.cbf.com.br/futebol-brasileiro/tabelas/campeonato-brasileiro/serie-a/2024?documento=Tabela+Detalhada,https://github.com/williamorim/brasileirao,2026-09-10T19:36:00-03:00,HIGH
Brasileirão Série A,2024,29,2024-10-05,19:02,Bahia,Flamengo,0,2,,,Flamengo,,,,,,,,,,,,,,,,,CBF / ge historical match matrix,https://www.cbf.com.br/futebol-brasileiro/tabelas/campeonato-brasileiro/serie-a/2024?documento=Tabela+Detalhada,https://github.com/williamorim/brasileirao,2026-09-10T19:36:00-03:00,HIGH
Brasileirão Série A,2024,29,2024-10-05,19:02,Corinthians,Internacional,2,2,,,DRAW,,,,,,,,,,,,,,,,,CBF / ge historical match matrix,https://www.cbf.com.br/futebol-brasileiro/tabelas/campeonato-brasileiro/serie-a/2024?documento=Tabela+Detalhada,https://github.com/williamorim/brasileirao,2026-09-10T19:36:00-03:00,HIGH
Brasileirão Série A,2024,29,2024-10-05,21:01,Vasco,Juventude,1,1,,,DRAW,,,,,,,,,,,,,,,,,CBF / ge historical match matrix,https://www.cbf.com.br/futebol-brasileiro/tabelas/campeonato-brasileiro/serie-a/2024?documento=Tabela+Detalhada,https://github.com/williamorim/brasileirao,2026-09-10T19:36:00-03:00,HIGH
Brasileirão Série A,2024,30,2024-10-16,21:45,São Paulo,Vasco,3,0,,,São Paulo,,,,,,,,,,,,,,,,,CBF / ge historical match matrix,https://www.cbf.com.br/futebol-brasileiro/tabelas/campeonato-brasileiro/serie-a/2024?documento=Tabela+Detalhada,https://github.com/williamorim/brasileirao,2026-09-10T19:36:00-03:00,HIGH
Brasileirão Série A,2024,30,2024-10-16,21:47,Fortaleza,Atlético-MG,1,1,,,DRAW,,,,,,,,,,,,,,,,,CBF / ge historical match matrix,https://www.cbf.com.br/futebol-brasileiro/tabelas/campeonato-brasileiro/serie-a/2024?documento=Tabela+Detalhada,https://github.com/williamorim/brasileirao,2026-09-10T19:36:00-03:00,HIGH
Brasileirão Série A,2024,30,2024-10-17,20:00,Flamengo,Fluminense,0,2,,,Fluminense,,,,,,,,,,,,,,,,,CBF / ge historical match matrix,https://www.cbf.com.br/futebol-brasileiro/tabelas/campeonato-brasileiro/serie-a/2024?documento=Tabela+Detalhada,https://github.com/williamorim/brasileirao,2026-09-10T19:36:00-03:00,HIGH
Brasileirão Série A,2024,30,2024-10-17,20:04,Corinthians,Athletico-PR,5,2,,,Corinthians,,,,,,,,,,,,,,,,,CBF / ge historical match matrix,https://www.cbf.com.br/futebol-brasileiro/tabelas/campeonato-brasileiro/serie-a/2024?documento=Tabela+Detalhada,https://github.com/williamorim/brasileirao,2026-09-10T19:36:00-03:00,HIGH
Brasileirão Série A,2024,30,2024-10-18,19:00,Atlético-GO,Cuiabá,0,0,,,DRAW,,,,,,,,,,,,,,,,,CBF / ge historical match matrix,https://www.cbf.com.br/futebol-brasileiro/tabelas/campeonato-brasileiro/serie-a/2024?documento=Tabela+Detalhada,https://github.com/williamorim/brasileirao,2026-09-10T19:36:00-03:00,HIGH
Brasileirão Série A,2024,30,2024-10-18,19:59,Botafogo,Criciúma,1,1,,,DRAW,,,,,,,,,,,,,,,,,CBF / ge historical match matrix,https://www.cbf.com.br/futebol-brasileiro/tabelas/campeonato-brasileiro/serie-a/2024?documento=Tabela+Detalhada,https://github.com/williamorim/brasileirao,2026-09-10T19:36:00-03:00,HIGH
Brasileirão Série A,2024,30,2024-10-18,21:30,Cruzeiro,Bahia,1,1,,,DRAW,,,,,,,,,,,,,,,,,CBF / ge historical match matrix,https://www.cbf.com.br/futebol-brasileiro/tabelas/campeonato-brasileiro/serie-a/2024?documento=Tabela+Detalhada,https://github.com/williamorim/brasileirao,2026-09-10T19:36:00-03:00,HIGH
Brasileirão Série A,2024,30,2024-10-19,16:00,Internacional,Grêmio,1,0,,,Internacional,,,,,,,,,,,,,,,,,CBF / ge historical match matrix,https://www.cbf.com.br/futebol-brasileiro/tabelas/campeonato-brasileiro/serie-a/2024?documento=Tabela+Detalhada,https://github.com/williamorim/brasileirao,2026-09-10T19:36:00-03:00,HIGH
Brasileirão Série A,2024,30,2024-10-19,16:00,Vitória,Bragantino,1,0,,,Vitória,,,,,,,,,,,,,,,,,CBF / ge historical match matrix,https://www.cbf.com.br/futebol-brasileiro/tabelas/campeonato-brasileiro/serie-a/2024?documento=Tabela+Detalhada,https://github.com/williamorim/brasileirao,2026-09-10T19:36:00-03:00,HIGH
Brasileirão Série A,2024,30,2024-10-20,20:04,Juventude,Palmeiras,3,5,,,Palmeiras,,,,,,,,,,,,,,,,,CBF / ge historical match matrix,https://www.cbf.com.br/futebol-brasileiro/tabelas/campeonato-brasileiro/serie-a/2024?documento=Tabela+Detalhada,https://github.com/williamorim/brasileirao,2026-09-10T19:36:00-03:00,HIGH
Brasileirão Série A,2024,31,2024-10-26,16:30,Flamengo,Juventude,4,2,,,Flamengo,,,,,,,,,,,,,,,,,CBF / ge historical match matrix,https://www.cbf.com.br/futebol-brasileiro/tabelas/campeonato-brasileiro/serie-a/2024?documento=Tabela+Detalhada,https://github.com/williamorim/brasileirao,2026-09-10T19:36:00-03:00,HIGH
Brasileirão Série A,2024,31,2024-10-26,16:30,Palmeiras,Fortaleza,2,2,,,DRAW,,,,,,,,,,,,,,,,,CBF / ge historical match matrix,https://www.cbf.com.br/futebol-brasileiro/tabelas/campeonato-brasileiro/serie-a/2024?documento=Tabela+Detalhada,https://github.com/williamorim/brasileirao,2026-09-10T19:36:00-03:00,HIGH
Brasileirão Série A,2024,31,2024-10-26,16:31,Vitória,Fluminense,2,1,,,Vitória,,,,,,,,,,,,,,,,,CBF / ge historical match matrix,https://www.cbf.com.br/futebol-brasileiro/tabelas/campeonato-brasileiro/serie-a/2024?documento=Tabela+Detalhada,https://github.com/williamorim/brasileirao,2026-09-10T19:36:00-03:00,HIGH
Brasileirão Série A,2024,31,2024-10-26,16:32,Grêmio,Atlético-GO,3,1,,,Grêmio,,,,,,,,,,,,,,,,,CBF / ge historical match matrix,https://www.cbf.com.br/futebol-brasileiro/tabelas/campeonato-brasileiro/serie-a/2024?documento=Tabela+Detalhada,https://github.com/williamorim/brasileirao,2026-09-10T19:36:00-03:00,HIGH
Brasileirão Série A,2024,31,2024-10-26,18:29,Athletico-PR,Cruzeiro,3,0,,,Athletico-PR,,,,,,,,,,,,,,,,,CBF / ge historical match matrix,https://www.cbf.com.br/futebol-brasileiro/tabelas/campeonato-brasileiro/serie-a/2024?documento=Tabela+Detalhada,https://github.com/williamorim/brasileirao,2026-09-10T19:36:00-03:00,HIGH
Brasileirão Série A,2024,31,2024-10-26,19:00,Atlético-MG,Internacional,1,3,,,Internacional,,,,,,,,,,,,,,,,,CBF / ge historical match matrix,https://www.cbf.com.br/futebol-brasileiro/tabelas/campeonato-brasileiro/serie-a/2024?documento=Tabela+Detalhada,https://github.com/williamorim/brasileirao,2026-09-10T19:36:00-03:00,HIGH
Brasileirão Série A,2024,31,2024-10-26,19:00,Bragantino,Botafogo,0,1,,,Botafogo,,,,,,,,,,,,,,,,,CBF / ge historical match matrix,https://www.cbf.com.br/futebol-brasileiro/tabelas/campeonato-brasileiro/serie-a/2024?documento=Tabela+Detalhada,https://github.com/williamorim/brasileirao,2026-09-10T19:36:00-03:00,HIGH
Brasileirão Série A,2024,31,2024-10-26,22:03,Criciúma,São Paulo,1,1,,,DRAW,,,,,,,,,,,,,,,,,CBF / ge historical match matrix,https://www.cbf.com.br/futebol-brasileiro/tabelas/campeonato-brasileiro/serie-a/2024?documento=Tabela+Detalhada,https://github.com/williamorim/brasileirao,2026-09-10T19:36:00-03:00,HIGH
Brasileirão Série A,2024,31,2024-10-28,19:01,Cuiabá,Corinthians,0,1,,,Corinthians,,,,,,,,,,,,,,,,,CBF / ge historical match matrix,https://www.cbf.com.br/futebol-brasileiro/tabelas/campeonato-brasileiro/serie-a/2024?documento=Tabela+Detalhada,https://github.com/williamorim/brasileirao,2026-09-10T19:36:00-03:00,HIGH
Brasileirão Série A,2024,31,2024-10-28,21:02,Vasco,Bahia,3,2,,,Vasco,,,,,,,,,,,,,,,,,CBF / ge historical match matrix,https://www.cbf.com.br/futebol-brasileiro/tabelas/campeonato-brasileiro/serie-a/2024?documento=Tabela+Detalhada,https://github.com/williamorim/brasileirao,2026-09-10T19:36:00-03:00,HIGH
Brasileirão Série A,2024,32,2024-11-01,20:59,Fluminense,Grêmio,2,2,,,DRAW,,,,,,,,,,,,,,,,,CBF / ge historical match matrix,https://www.cbf.com.br/futebol-brasileiro/tabelas/campeonato-brasileiro/serie-a/2024?documento=Tabela+Detalhada,https://github.com/williamorim/brasileirao,2026-09-10T19:36:00-03:00,HIGH
Brasileirão Série A,2024,32,2024-11-02,16:00,Bragantino,Cuiabá,0,0,,,DRAW,,,,,,,,,,,,,,,,,CBF / ge historical match matrix,https://www.cbf.com.br/futebol-brasileiro/tabelas/campeonato-brasileiro/serie-a/2024?documento=Tabela+Detalhada,https://github.com/williamorim/brasileirao,2026-09-10T19:36:00-03:00,HIGH
Brasileirão Série A,2024,32,2024-11-02,18:29,Athletico-PR,Vitória,1,2,,,Vitória,,,,,,,,,,,,,,,,,CBF / ge historical match matrix,https://www.cbf.com.br/futebol-brasileiro/tabelas/campeonato-brasileiro/serie-a/2024?documento=Tabela+Detalhada,https://github.com/williamorim/brasileirao,2026-09-10T19:36:00-03:00,HIGH
Brasileirão Série A,2024,32,2024-11-02,18:30,Juventude,Fortaleza,0,3,,,Fortaleza,,,,,,,,,,,,,,,,,CBF / ge historical match matrix,https://www.cbf.com.br/futebol-brasileiro/tabelas/campeonato-brasileiro/serie-a/2024?documento=Tabela+Detalhada,https://github.com/williamorim/brasileirao,2026-09-10T19:36:00-03:00,HIGH
Brasileirão Série A,2024,32,2024-11-04,20:03,Corinthians,Palmeiras,2,0,,,Corinthians,,,,,,,,,,,,,,,,,CBF / ge historical match matrix,https://www.cbf.com.br/futebol-brasileiro/tabelas/campeonato-brasileiro/serie-a/2024?documento=Tabela+Detalhada,https://github.com/williamorim/brasileirao,2026-09-10T19:36:00-03:00,HIGH
Brasileirão Série A,2024,32,2024-11-05,21:30,Botafogo,Vasco,3,0,,,Botafogo,,,,,,,,,,,,,,,,,CBF / ge historical match matrix,https://www.cbf.com.br/futebol-brasileiro/tabelas/campeonato-brasileiro/serie-a/2024?documento=Tabela+Detalhada,https://github.com/williamorim/brasileirao,2026-09-10T19:36:00-03:00,HIGH
Brasileirão Série A,2024,32,2024-11-05,21:31,Internacional,Criciúma,2,0,,,Internacional,,,,,,,,,,,,,,,,,CBF / ge historical match matrix,https://www.cbf.com.br/futebol-brasileiro/tabelas/campeonato-brasileiro/serie-a/2024?documento=Tabela+Detalhada,https://github.com/williamorim/brasileirao,2026-09-10T19:36:00-03:00,HIGH
Brasileirão Série A,2024,32,2024-11-05,21:32,Bahia,São Paulo,0,3,,,São Paulo,,,,,,,,,,,,,,,,,CBF / ge historical match matrix,https://www.cbf.com.br/futebol-brasileiro/tabelas/campeonato-brasileiro/serie-a/2024?documento=Tabela+Detalhada,https://github.com/williamorim/brasileirao,2026-09-10T19:36:00-03:00,HIGH
Brasileirão Série A,2024,32,2024-11-06,21:00,Atlético-GO,Atlético-MG,1,0,,,Atlético-GO,,,,,,,,,,,,,,,,,CBF / ge historical match matrix,https://www.cbf.com.br/futebol-brasileiro/tabelas/campeonato-brasileiro/serie-a/2024?documento=Tabela+Detalhada,https://github.com/williamorim/brasileirao,2026-09-10T19:36:00-03:00,HIGH
Brasileirão Série A,2024,32,2024-11-06,21:01,Cruzeiro,Flamengo,0,1,,,Flamengo,,,,,,,,,,,,,,,,,CBF / ge historical match matrix,https://www.cbf.com.br/futebol-brasileiro/tabelas/campeonato-brasileiro/serie-a/2024?documento=Tabela+Detalhada,https://github.com/williamorim/brasileirao,2026-09-10T19:36:00-03:00,HIGH
Brasileirão Série A,2024,33,2024-11-08,18:59,Internacional,Fluminense,2,0,,,Internacional,,,,,,,,,,,,,,,,,CBF / ge historical match matrix,https://www.cbf.com.br/futebol-brasileiro/tabelas/campeonato-brasileiro/serie-a/2024?documento=Tabela+Detalhada,https://github.com/williamorim/brasileirao,2026-09-10T19:36:00-03:00,HIGH
Brasileirão Série A,2024,33,2024-11-08,21:30,Palmeiras,Grêmio,1,0,,,Palmeiras,,,,,,,,,,,,,,,,,CBF / ge historical match matrix,https://www.cbf.com.br/futebol-brasileiro/tabelas/campeonato-brasileiro/serie-a/2024?documento=Tabela+Detalhada,https://github.com/williamorim/brasileirao,2026-09-10T19:36:00-03:00,HIGH
Brasileirão Série A,2024,33,2024-11-09,16:31,Botafogo,Cuiabá,0,0,,,DRAW,,,,,,,,,,,,,,,,,CBF / ge historical match matrix,https://www.cbf.com.br/futebol-brasileiro/tabelas/campeonato-brasileiro/serie-a/2024?documento=Tabela+Detalhada,https://github.com/williamorim/brasileirao,2026-09-10T19:36:00-03:00,HIGH
Brasileirão Série A,2024,33,2024-11-09,16:32,Vitória,Corinthians,1,2,,,Corinthians,,,,,,,,,,,,,,,,,CBF / ge historical match matrix,https://www.cbf.com.br/futebol-brasileiro/tabelas/campeonato-brasileiro/serie-a/2024?documento=Tabela+Detalhada,https://github.com/williamorim/brasileirao,2026-09-10T19:36:00-03:00,HIGH
Brasileirão Série A,2024,33,2024-11-09,18:59,Atlético-GO,Bragantino,0,0,,,DRAW,,,,,,,,,,,,,,,,,CBF / ge historical match matrix,https://www.cbf.com.br/futebol-brasileiro/tabelas/campeonato-brasileiro/serie-a/2024?documento=Tabela+Detalhada,https://github.com/williamorim/brasileirao,2026-09-10T19:36:00-03:00,HIGH
Brasileirão Série A,2024,33,2024-11-09,18:59,Juventude,Bahia,2,1,,,Juventude,,,,,,,,,,,,,,,,,CBF / ge historical match matrix,https://www.cbf.com.br/futebol-brasileiro/tabelas/campeonato-brasileiro/serie-a/2024?documento=Tabela+Detalhada,https://github.com/williamorim/brasileirao,2026-09-10T19:36:00-03:00,HIGH
Brasileirão Série A,2024,33,2024-11-09,19:00,Fortaleza,Vasco,3,0,,,Fortaleza,,,,,,,,,,,,,,,,,CBF / ge historical match matrix,https://www.cbf.com.br/futebol-brasileiro/tabelas/campeonato-brasileiro/serie-a/2024?documento=Tabela+Detalhada,https://github.com/williamorim/brasileirao,2026-09-10T19:36:00-03:00,HIGH
Brasileirão Série A,2024,33,2024-11-09,19:01,Cruzeiro,Criciúma,2,1,,,Cruzeiro,,,,,,,,,,,,,,,,,CBF / ge historical match matrix,https://www.cbf.com.br/futebol-brasileiro/tabelas/campeonato-brasileiro/serie-a/2024?documento=Tabela+Detalhada,https://github.com/williamorim/brasileirao,2026-09-10T19:36:00-03:00,HIGH
Brasileirão Série A,2024,33,2024-11-09,21:02,São Paulo,Athletico-PR,2,1,,,São Paulo,,,,,,,,,,,,,,,,,CBF / ge historical match matrix,https://www.cbf.com.br/futebol-brasileiro/tabelas/campeonato-brasileiro/serie-a/2024?documento=Tabela+Detalhada,https://github.com/williamorim/brasileirao,2026-09-10T19:36:00-03:00,HIGH
Brasileirão Série A,2024,33,2024-11-13,20:00,Flamengo,Atlético-MG,0,0,,,DRAW,,,,,,,,,,,,,,,,,CBF / ge historical match matrix,https://www.cbf.com.br/futebol-brasileiro/tabelas/campeonato-brasileiro/serie-a/2024?documento=Tabela+Detalhada,https://github.com/williamorim/brasileirao,2026-09-10T19:36:00-03:00,HIGH
Brasileirão Série A,2024,34,2024-11-20,11:06,Corinthians,Cruzeiro,2,1,,,Corinthians,,,,,,,,,,,,,,,,,CBF / ge historical match matrix,https://www.cbf.com.br/futebol-brasileiro/tabelas/campeonato-brasileiro/serie-a/2024?documento=Tabela+Detalhada,https://github.com/williamorim/brasileirao,2026-09-10T19:36:00-03:00,HIGH
Brasileirão Série A,2024,34,2024-11-20,16:29,Athletico-PR,Atlético-GO,2,0,,,Athletico-PR,,,,,,,,,,,,,,,,,CBF / ge historical match matrix,https://www.cbf.com.br/futebol-brasileiro/tabelas/campeonato-brasileiro/serie-a/2024?documento=Tabela+Detalhada,https://github.com/williamorim/brasileirao,2026-09-10T19:36:00-03:00,HIGH
Brasileirão Série A,2024,34,2024-11-20,16:32,Bragantino,São Paulo,1,1,,,DRAW,,,,,,,,,,,,,,,,,CBF / ge historical match matrix,https://www.cbf.com.br/futebol-brasileiro/tabelas/campeonato-brasileiro/serie-a/2024?documento=Tabela+Detalhada,https://github.com/williamorim/brasileirao,2026-09-10T19:36:00-03:00,HIGH
Brasileirão Série A,2024,34,2024-11-20,16:33,Criciúma,Vitória,0,1,,,Vitória,,,,,,,,,,,,,,,,,CBF / ge historical match matrix,https://www.cbf.com.br/futebol-brasileiro/tabelas/campeonato-brasileiro/serie-a/2024?documento=Tabela+Detalhada,https://github.com/williamorim/brasileirao,2026-09-10T19:36:00-03:00,HIGH
Brasileirão Série A,2024,34,2024-11-20,18:02,Bahia,Palmeiras,1,2,,,Palmeiras,,,,,,,,,,,,,,,,,CBF / ge historical match matrix,https://www.cbf.com.br/futebol-brasileiro/tabelas/campeonato-brasileiro/serie-a/2024?documento=Tabela+Detalhada,https://github.com/williamorim/brasileirao,2026-09-10T19:36:00-03:00,HIGH
Brasileirão Série A,2024,34,2024-11-20,19:01,Cuiabá,Flamengo,1,2,,,Flamengo,,,,,,,,,,,,,,,,,CBF / ge historical match matrix,https://www.cbf.com.br/futebol-brasileiro/tabelas/campeonato-brasileiro/serie-a/2024?documento=Tabela+Detalhada,https://github.com/williamorim/brasileirao,2026-09-10T19:36:00-03:00,HIGH
Brasileirão Série A,2024,34,2024-11-20,19:01,Grêmio,Juventude,2,2,,,DRAW,,,,,,,,,,,,,,,,,CBF / ge historical match matrix,https://www.cbf.com.br/futebol-brasileiro/tabelas/campeonato-brasileiro/serie-a/2024?documento=Tabela+Detalhada,https://github.com/williamorim/brasileirao,2026-09-10T19:36:00-03:00,HIGH
Brasileirão Série A,2024,34,2024-11-20,21:30,Atlético-MG,Botafogo,0,0,,,DRAW,,,,,,,,,,,,,,,,,CBF / ge historical match matrix,https://www.cbf.com.br/futebol-brasileiro/tabelas/campeonato-brasileiro/serie-a/2024?documento=Tabela+Detalhada,https://github.com/williamorim/brasileirao,2026-09-10T19:36:00-03:00,HIGH
Brasileirão Série A,2024,34,2024-11-21,20:01,Vasco,Internacional,0,1,,,Internacional,,,,,,,,,,,,,,,,,CBF / ge historical match matrix,https://www.cbf.com.br/futebol-brasileiro/tabelas/campeonato-brasileiro/serie-a/2024?documento=Tabela+Detalhada,https://github.com/williamorim/brasileirao,2026-09-10T19:36:00-03:00,HIGH
Brasileirão Série A,2024,34,2024-11-22,21:30,Fluminense,Fortaleza,2,2,,,DRAW,,,,,,,,,,,,,,,,,CBF / ge historical match matrix,https://www.cbf.com.br/futebol-brasileiro/tabelas/campeonato-brasileiro/serie-a/2024?documento=Tabela+Detalhada,https://github.com/williamorim/brasileirao,2026-09-10T19:36:00-03:00,HIGH
Brasileirão Série A,2024,35,2024-11-23,19:30,Atlético-GO,Palmeiras,0,1,,,Palmeiras,,,,,,,,,,,,,,,,,CBF / ge historical match matrix,https://www.cbf.com.br/futebol-brasileiro/tabelas/campeonato-brasileiro/serie-a/2024?documento=Tabela+Detalhada,https://github.com/williamorim/brasileirao,2026-09-10T19:36:00-03:00,HIGH
Brasileirão Série A,2024,35,2024-11-23,19:30,Botafogo,Vitória,1,1,,,DRAW,,,,,,,,,,,,,,,,,CBF / ge historical match matrix,https://www.cbf.com.br/futebol-brasileiro/tabelas/campeonato-brasileiro/serie-a/2024?documento=Tabela+Detalhada,https://github.com/williamorim/brasileirao,2026-09-10T19:36:00-03:00,HIGH
Brasileirão Série A,2024,35,2024-11-23,19:32,Juventude,Cuiabá,1,1,,,DRAW,,,,,,,,,,,,,,,,,CBF / ge historical match matrix,https://www.cbf.com.br/futebol-brasileiro/tabelas/campeonato-brasileiro/serie-a/2024?documento=Tabela+Detalhada,https://github.com/williamorim/brasileirao,2026-09-10T19:36:00-03:00,HIGH
Brasileirão Série A,2024,35,2024-11-23,21:32,São Paulo,Atlético-MG,2,2,,,DRAW,,,,,,,,,,,,,,,,,CBF / ge historical match matrix,https://www.cbf.com.br/futebol-brasileiro/tabelas/campeonato-brasileiro/serie-a/2024?documento=Tabela+Detalhada,https://github.com/williamorim/brasileirao,2026-09-10T19:36:00-03:00,HIGH
Brasileirão Série A,2024,35,2024-11-24,16:01,Bahia,Athletico-PR,1,1,,,DRAW,,,,,,,,,,,,,,,,,CBF / ge historical match matrix,https://www.cbf.com.br/futebol-brasileiro/tabelas/campeonato-brasileiro/serie-a/2024?documento=Tabela+Detalhada,https://github.com/williamorim/brasileirao,2026-09-10T19:36:00-03:00,HIGH
Brasileirão Série A,2024,35,2024-11-24,16:01,Internacional,Bragantino,4,1,,,Internacional,,,,,,,,,,,,,,,,,CBF / ge historical match matrix,https://www.cbf.com.br/futebol-brasileiro/tabelas/campeonato-brasileiro/serie-a/2024?documento=Tabela+Detalhada,https://github.com/williamorim/brasileirao,2026-09-10T19:36:00-03:00,HIGH
Brasileirão Série A,2024,35,2024-11-24,16:02,Corinthians,Vasco,3,1,,,Corinthians,,,,,,,,,,,,,,,,,CBF / ge historical match matrix,https://www.cbf.com.br/futebol-brasileiro/tabelas/campeonato-brasileiro/serie-a/2024?documento=Tabela+Detalhada,https://github.com/williamorim/brasileirao,2026-09-10T19:36:00-03:00,HIGH
Brasileirão Série A,2024,35,2024-11-26,19:00,Fluminense,Criciúma,0,0,,,DRAW,,,,,,,,,,,,,,,,,CBF / ge historical match matrix,https://www.cbf.com.br/futebol-brasileiro/tabelas/campeonato-brasileiro/serie-a/2024?documento=Tabela+Detalhada,https://github.com/williamorim/brasileirao,2026-09-10T19:36:00-03:00,HIGH
Brasileirão Série A,2024,35,2024-11-26,20:02,Fortaleza,Flamengo,0,0,,,DRAW,,,,,,,,,,,,,,,,,CBF / ge historical match matrix,https://www.cbf.com.br/futebol-brasileiro/tabelas/campeonato-brasileiro/serie-a/2024?documento=Tabela+Detalhada,https://github.com/williamorim/brasileirao,2026-09-10T19:36:00-03:00,HIGH
Brasileirão Série A,2024,35,2024-11-27,21:00,Cruzeiro,Grêmio,1,1,,,DRAW,,,,,,,,,,,,,,,,,CBF / ge historical match matrix,https://www.cbf.com.br/futebol-brasileiro/tabelas/campeonato-brasileiro/serie-a/2024?documento=Tabela+Detalhada,https://github.com/williamorim/brasileirao,2026-09-10T19:36:00-03:00,HIGH
Brasileirão Série A,2024,36,2024-11-26,21:30,Atlético-MG,Juventude,2,3,,,Juventude,,,,,,,,,,,,,,,,,CBF / ge historical match matrix,https://www.cbf.com.br/futebol-brasileiro/tabelas/campeonato-brasileiro/serie-a/2024?documento=Tabela+Detalhada,https://github.com/williamorim/brasileirao,2026-09-10T19:36:00-03:00,HIGH
Brasileirão Série A,2024,36,2024-11-26,21:31,Palmeiras,Botafogo,1,3,,,Botafogo,,,,,,,,,,,,,,,,,CBF / ge historical match matrix,https://www.cbf.com.br/futebol-brasileiro/tabelas/campeonato-brasileiro/serie-a/2024?documento=Tabela+Detalhada,https://github.com/williamorim/brasileirao,2026-09-10T19:36:00-03:00,HIGH
Brasileirão Série A,2024,36,2024-11-30,19:30,Cuiabá,Bahia,1,2,,,Bahia,,,,,,,,,,,,,,,,,CBF / ge historical match matrix,https://www.cbf.com.br/futebol-brasileiro/tabelas/campeonato-brasileiro/serie-a/2024?documento=Tabela+Detalhada,https://github.com/williamorim/brasileirao,2026-09-10T19:36:00-03:00,HIGH
Brasileirão Série A,2024,36,2024-11-30,19:34,Criciúma,Corinthians,2,4,,,Corinthians,,,,,,,,,,,,,,,,,CBF / ge historical match matrix,https://www.cbf.com.br/futebol-brasileiro/tabelas/campeonato-brasileiro/serie-a/2024?documento=Tabela+Detalhada,https://github.com/williamorim/brasileirao,2026-09-10T19:36:00-03:00,HIGH
Brasileirão Série A,2024,36,2024-11-30,21:31,Vasco,Atlético-GO,2,2,,,DRAW,,,,,,,,,,,,,,,,,CBF / ge historical match matrix,https://www.cbf.com.br/futebol-brasileiro/tabelas/campeonato-brasileiro/serie-a/2024?documento=Tabela+Detalhada,https://github.com/williamorim/brasileirao,2026-09-10T19:36:00-03:00,HIGH
Brasileirão Série A,2024,36,2024-12-01,16:01,Flamengo,Internacional,3,2,,,Flamengo,,,,,,,,,,,,,,,,,CBF / ge historical match matrix,https://www.cbf.com.br/futebol-brasileiro/tabelas/campeonato-brasileiro/serie-a/2024?documento=Tabela+Detalhada,https://github.com/williamorim/brasileirao,2026-09-10T19:36:00-03:00,HIGH
Brasileirão Série A,2024,36,2024-12-01,16:02,Grêmio,São Paulo,2,1,,,Grêmio,,,,,,,,,,,,,,,,,CBF / ge historical match matrix,https://www.cbf.com.br/futebol-brasileiro/tabelas/campeonato-brasileiro/serie-a/2024?documento=Tabela+Detalhada,https://github.com/williamorim/brasileirao,2026-09-10T19:36:00-03:00,HIGH
Brasileirão Série A,2024,36,2024-12-01,18:30,Athletico-PR,Fluminense,1,1,,,DRAW,,,,,,,,,,,,,,,,,CBF / ge historical match matrix,https://www.cbf.com.br/futebol-brasileiro/tabelas/campeonato-brasileiro/serie-a/2024?documento=Tabela+Detalhada,https://github.com/williamorim/brasileirao,2026-09-10T19:36:00-03:00,HIGH
Brasileirão Série A,2024,36,2024-12-01,18:30,Bragantino,Cruzeiro,1,1,,,DRAW,,,,,,,,,,,,,,,,,CBF / ge historical match matrix,https://www.cbf.com.br/futebol-brasileiro/tabelas/campeonato-brasileiro/serie-a/2024?documento=Tabela+Detalhada,https://github.com/williamorim/brasileirao,2026-09-10T19:36:00-03:00,HIGH
Brasileirão Série A,2024,36,2024-12-01,18:31,Vitória,Fortaleza,2,0,,,Vitória,,,,,,,,,,,,,,,,,CBF / ge historical match matrix,https://www.cbf.com.br/futebol-brasileiro/tabelas/campeonato-brasileiro/serie-a/2024?documento=Tabela+Detalhada,https://github.com/williamorim/brasileirao,2026-09-10T19:36:00-03:00,HIGH
Brasileirão Série A,2024,37,2024-12-03,20:04,Corinthians,Bahia,3,0,,,Corinthians,,,,,,,,,,,,,,,,,CBF / ge historical match matrix,https://www.cbf.com.br/futebol-brasileiro/tabelas/campeonato-brasileiro/serie-a/2024?documento=Tabela+Detalhada,https://github.com/williamorim/brasileirao,2026-09-10T19:36:00-03:00,HIGH
Brasileirão Série A,2024,37,2024-12-04,19:02,Vasco,Atlético-MG,2,0,,,Vasco,,,,,,,,,,,,,,,,,CBF / ge historical match matrix,https://www.cbf.com.br/futebol-brasileiro/tabelas/campeonato-brasileiro/serie-a/2024?documento=Tabela+Detalhada,https://github.com/williamorim/brasileirao,2026-09-10T19:36:00-03:00,HIGH
Brasileirão Série A,2024,37,2024-12-04,20:01,Vitória,Grêmio,1,1,,,DRAW,,,,,,,,,,,,,,,,,CBF / ge historical match matrix,https://www.cbf.com.br/futebol-brasileiro/tabelas/campeonato-brasileiro/serie-a/2024?documento=Tabela+Detalhada,https://github.com/williamorim/brasileirao,2026-09-10T19:36:00-03:00,HIGH
Brasileirão Série A,2024,37,2024-12-04,20:03,Criciúma,Flamengo,0,3,,,Flamengo,,,,,,,,,,,,,,,,,CBF / ge historical match matrix,https://www.cbf.com.br/futebol-brasileiro/tabelas/campeonato-brasileiro/serie-a/2024?documento=Tabela+Detalhada,https://github.com/williamorim/brasileirao,2026-09-10T19:36:00-03:00,HIGH
Brasileirão Série A,2024,37,2024-12-04,20:04,São Paulo,Juventude,1,2,,,Juventude,,,,,,,,,,,,,,,,,CBF / ge historical match matrix,https://www.cbf.com.br/futebol-brasileiro/tabelas/campeonato-brasileiro/serie-a/2024?documento=Tabela+Detalhada,https://github.com/williamorim/brasileirao,2026-09-10T19:36:00-03:00,HIGH
Brasileirão Série A,2024,37,2024-12-04,21:30,Atlético-GO,Fortaleza,3,1,,,Atlético-GO,,,,,,,,,,,,,,,,,CBF / ge historical match matrix,https://www.cbf.com.br/futebol-brasileiro/tabelas/campeonato-brasileiro/serie-a/2024?documento=Tabela+Detalhada,https://github.com/williamorim/brasileirao,2026-09-10T19:36:00-03:00,HIGH
Brasileirão Série A,2024,37,2024-12-04,21:30,Cruzeiro,Palmeiras,1,2,,,Palmeiras,,,,,,,,,,,,,,,,,CBF / ge historical match matrix,https://www.cbf.com.br/futebol-brasileiro/tabelas/campeonato-brasileiro/serie-a/2024?documento=Tabela+Detalhada,https://github.com/williamorim/brasileirao,2026-09-10T19:36:00-03:00,HIGH
Brasileirão Série A,2024,37,2024-12-04,21:30,Internacional,Botafogo,0,1,,,Botafogo,,,,,,,,,,,,,,,,,CBF / ge historical match matrix,https://www.cbf.com.br/futebol-brasileiro/tabelas/campeonato-brasileiro/serie-a/2024?documento=Tabela+Detalhada,https://github.com/williamorim/brasileirao,2026-09-10T19:36:00-03:00,HIGH
Brasileirão Série A,2024,37,2024-12-05,20:00,Athletico-PR,Bragantino,1,2,,,Bragantino,,,,,,,,,,,,,,,,,CBF / ge historical match matrix,https://www.cbf.com.br/futebol-brasileiro/tabelas/campeonato-brasileiro/serie-a/2024?documento=Tabela+Detalhada,https://github.com/williamorim/brasileirao,2026-09-10T19:36:00-03:00,HIGH
Brasileirão Série A,2024,37,2024-12-05,20:01,Fluminense,Cuiabá,1,0,,,Fluminense,,,,,,,,,,,,,,,,,CBF / ge historical match matrix,https://www.cbf.com.br/futebol-brasileiro/tabelas/campeonato-brasileiro/serie-a/2024?documento=Tabela+Detalhada,https://github.com/williamorim/brasileirao,2026-09-10T19:36:00-03:00,HIGH
Brasileirão Série A,2024,38,2024-12-08,16:04,Atlético-MG,Athletico-PR,1,0,,,Atlético-MG,,,,,,,,,,,,,,,,,CBF / ge historical match matrix,https://www.cbf.com.br/futebol-brasileiro/tabelas/campeonato-brasileiro/serie-a/2024?documento=Tabela+Detalhada,https://github.com/williamorim/brasileirao,2026-09-10T19:36:00-03:00,HIGH
Brasileirão Série A,2024,38,2024-12-08,16:04,Bahia,Atlético-GO,2,0,,,Bahia,,,,,,,,,,,,,,,,,CBF / ge historical match matrix,https://www.cbf.com.br/futebol-brasileiro/tabelas/campeonato-brasileiro/serie-a/2024?documento=Tabela+Detalhada,https://github.com/williamorim/brasileirao,2026-09-10T19:36:00-03:00,HIGH
Brasileirão Série A,2024,38,2024-12-08,16:04,Botafogo,São Paulo,2,1,,,Botafogo,,,,,,,,,,,,,,,,,CBF / ge historical match matrix,https://www.cbf.com.br/futebol-brasileiro/tabelas/campeonato-brasileiro/serie-a/2024?documento=Tabela+Detalhada,https://github.com/williamorim/brasileirao,2026-09-10T19:36:00-03:00,HIGH
Brasileirão Série A,2024,38,2024-12-08,16:04,Cuiabá,Vasco,1,2,,,Vasco,,,,,,,,,,,,,,,,,CBF / ge historical match matrix,https://www.cbf.com.br/futebol-brasileiro/tabelas/campeonato-brasileiro/serie-a/2024?documento=Tabela+Detalhada,https://github.com/williamorim/brasileirao,2026-09-10T19:36:00-03:00,HIGH
Brasileirão Série A,2024,38,2024-12-08,16:04,Flamengo,Vitória,2,2,,,DRAW,,,,,,,,,,,,,,,,,CBF / ge historical match matrix,https://www.cbf.com.br/futebol-brasileiro/tabelas/campeonato-brasileiro/serie-a/2024?documento=Tabela+Detalhada,https://github.com/williamorim/brasileirao,2026-09-10T19:36:00-03:00,HIGH
Brasileirão Série A,2024,38,2024-12-08,16:04,Juventude,Cruzeiro,0,1,,,Cruzeiro,,,,,,,,,,,,,,,,,CBF / ge historical match matrix,https://www.cbf.com.br/futebol-brasileiro/tabelas/campeonato-brasileiro/serie-a/2024?documento=Tabela+Detalhada,https://github.com/williamorim/brasileirao,2026-09-10T19:36:00-03:00,HIGH
Brasileirão Série A,2024,38,2024-12-08,16:04,Palmeiras,Fluminense,0,1,,,Fluminense,,,,,,,,,,,,,,,,,CBF / ge historical match matrix,https://www.cbf.com.br/futebol-brasileiro/tabelas/campeonato-brasileiro/serie-a/2024?documento=Tabela+Detalhada,https://github.com/williamorim/brasileirao,2026-09-10T19:36:00-03:00,HIGH
Brasileirão Série A,2024,38,2024-12-08,16:05,Bragantino,Criciúma,5,1,,,Bragantino,,,,,,,,,,,,,,,,,CBF / ge historical match matrix,https://www.cbf.com.br/futebol-brasileiro/tabelas/campeonato-brasileiro/serie-a/2024?documento=Tabela+Detalhada,https://github.com/williamorim/brasileirao,2026-09-10T19:36:00-03:00,HIGH
Brasileirão Série A,2024,38,2024-12-08,16:05,Fortaleza,Internacional,3,0,,,Fortaleza,,,,,,,,,,,,,,,,,CBF / ge historical match matrix,https://www.cbf.com.br/futebol-brasileiro/tabelas/campeonato-brasileiro/serie-a/2024?documento=Tabela+Detalhada,https://github.com/williamorim/brasileirao,2026-09-10T19:36:00-03:00,HIGH
Brasileirão Série A,2024,38,2024-12-08,16:05,Grêmio,Corinthians,0,3,,,Corinthians,,,,,,,,,,,,,,,,,CBF / ge historical match matrix,https://www.cbf.com.br/futebol-brasileiro/tabelas/campeonato-brasileiro/serie-a/2024?documento=Tabela+Detalhada,https://github.com/williamorim/brasileirao,2026-09-10T19:36:00-03:00,HIGH
