competition,season,round,date,kickoff_time,home_team,away_team,home_score,away_score,ht_home_score,ht_away_score,winner,home_goals_minutes,away_goals_minutes,home_shots,away_shots,home_shots_on_target,away_shots_on_target,home_xg,away_xg,home_corners,away_corners,home_yellow_cards,away_yellow_cards,home_red_cards,away_red_cards,home_possession,away_possession,source_name,source_url,secondary_source_url,collected_at,confidence
Brasileirão Série A,2025,1,2025-03-29,18:30,Cruzeiro,Mirassol,2,1,,,HOME,,,8,16,,,,,2,6,4,3,,,44,56,Match Capital public dataset (match stats) + CBF structural validation,https://github.com/aimidas2/match-capital-1/blob/main/data/season_2025/ligas/Brasileirao_Betano_Serie_A_2025.csv,https://www.cbf.com.br/futebol-brasileiro/tabelas/campeonato-brasileiro/serie-a/2025/1779?documento=Regulamento,2026-09-09T16:47:00-03:00,MEDIUM
Brasileirão Série A,2025,1,2025-03-29,18:30,Fortaleza,Fluminense,2,0,,,HOME,,,5,15,,,,,4,5,1,0,,,30,70,Match Capital public dataset (match stats) + CBF structural validation,https://github.com/aimidas2/match-capital-1/blob/main/data/season_2025/ligas/Brasileirao_Betano_Serie_A_2025.csv,https://www.cbf.com.br/futebol-brasileiro/tabelas/campeonato-brasileiro/serie-a/2025/1779?documento=Regulamento,2026-09-09T16:47:00-03:00,MEDIUM
Brasileirão Série A,2025,1,2025-03-29,18:30,Grêmio,Atlético-MG,2,1,,,HOME,,,12,22,,,,,1,11,4,0,,,33,67,Match Capital public dataset (match stats) + CBF structural validation,https://github.com/aimidas2/match-capital-1/blob/main/data/season_2025/ligas/Brasileirao_Betano_Serie_A_2025.csv,https://www.cbf.com.br/futebol-brasileiro/tabelas/campeonato-brasileiro/serie-a/2025/1779?documento=Regulamento,2026-09-09T16:47:00-03:00,MEDIUM
Brasileirão Série A,2025,1,2025-03-29,18:30,Juventude,Vitória,2,0,,,HOME,,,9,14,,,,,3,5,3,4,,,36,64,Match Capital public dataset (match stats) + CBF structural validation,https://github.com/aimidas2/match-capital-1/blob/main/data/season_2025/ligas/Brasileirao_Betano_Serie_A_2025.csv,https://www.cbf.com.br/futebol-brasileiro/tabelas/campeonato-brasileiro/serie-a/2025/1779?documento=Regulamento,2026-09-09T16:47:00-03:00,MEDIUM
Brasileirão Série A,2025,1,2025-03-29,18:30,São Paulo,Sport,0,0,,,DRAW,,,16,8,,,,,6,2,0,2,,,64,36,Match Capital public dataset (match stats) + CBF structural validation,https://github.com/aimidas2/match-capital-1/blob/main/data/season_2025/ligas/Brasileirao_Betano_Serie_A_2025.csv,https://www.cbf.com.br/futebol-brasileiro/tabelas/campeonato-brasileiro/serie-a/2025/1779?documento=Regulamento,2026-09-09T16:47:00-03:00,MEDIUM
Brasileirão Série A,2025,1,2025-03-29,21:00,Flamengo,Internacional,1,1,,,DRAW,,,19,5,,,,,4,2,2,4,,,62,38,Match Capital public dataset (match stats) + CBF structural validation,https://github.com/aimidas2/match-capital-1/blob/main/data/season_2025/ligas/Brasileirao_Betano_Serie_A_2025.csv,https://www.cbf.com.br/futebol-brasileiro/tabelas/campeonato-brasileiro/serie-a/2025/1779?documento=Regulamento,2026-09-09T16:47:00-03:00,MEDIUM
Brasileirão Série A,2025,1,2025-03-30,17:00,Palmeiras,Botafogo,0,0,,,DRAW,,,13,13,,,,,2,2,3,3,,,58,42,Match Capital public dataset (match stats) + CBF structural validation,https://github.com/aimidas2/match-capital-1/blob/main/data/season_2025/ligas/Brasileirao_Betano_Serie_A_2025.csv,https://www.cbf.com.br/futebol-brasileiro/tabelas/campeonato-brasileiro/serie-a/2025/1779?documento=Regulamento,2026-09-09T16:47:00-03:00,MEDIUM
Brasileirão Série A,2025,1,2025-03-30,19:30,Vasco da Gama,Santos,2,1,,,HOME,,,12,11,,,,,2,3,1,1,,,53,47,Match Capital public dataset (match stats) + CBF structural validation,https://github.com/aimidas2/match-capital-1/blob/main/data/season_2025/ligas/Brasileirao_Betano_Serie_A_2025.csv,https://www.cbf.com.br/futebol-brasileiro/tabelas/campeonato-brasileiro/serie-a/2025/1779?documento=Regulamento,2026-09-09T16:47:00-03:00,MEDIUM
Brasileirão Série A,2025,1,2025-03-30,21:00,Bahia,Corinthians,1,1,,,DRAW,,,14,9,,,,,3,5,4,2,,,42,58,Match Capital public dataset (match stats) + CBF structural validation,https://github.com/aimidas2/match-capital-1/blob/main/data/season_2025/ligas/Brasileirao_Betano_Serie_A_2025.csv,https://www.cbf.com.br/futebol-brasileiro/tabelas/campeonato-brasileiro/serie-a/2025/1779?documento=Regulamento,2026-09-09T16:47:00-03:00,MEDIUM
Brasileirão Série A,2025,1,2025-03-31,21:00,Red Bull Bragantino,Ceará,2,2,,,DRAW,,,18,13,,,,,9,2,1,3,,,63,37,Match Capital public dataset (match stats) + CBF structural validation,https://github.com/aimidas2/match-capital-1/blob/main/data/season_2025/ligas/Brasileirao_Betano_Serie_A_2025.csv,https://www.cbf.com.br/futebol-brasileiro/tabelas/campeonato-brasileiro/serie-a/2025/1779?documento=Regulamento,2026-09-09T16:47:00-03:00,MEDIUM
Brasileirão Série A,2025,2,2025-04-05,19:30,Ceará,Grêmio,2,0,,,HOME,,,12,12,,,,,3,10,1,3,,,38,62,Match Capital public dataset (match stats) + CBF structural validation,https://github.com/aimidas2/match-capital-1/blob/main/data/season_2025/ligas/Brasileirao_Betano_Serie_A_2025.csv,https://www.cbf.com.br/futebol-brasileiro/tabelas/campeonato-brasileiro/serie-a/2025/1779?documento=Regulamento,2026-09-09T16:47:00-03:00,MEDIUM
Brasileirão Série A,2025,2,2025-04-05,19:30,Corinthians,Vasco da Gama,3,0,,,HOME,,,6,10,,,,,1,4,3,2,,,53,47,Match Capital public dataset (match stats) + CBF structural validation,https://github.com/aimidas2/match-capital-1/blob/main/data/season_2025/ligas/Brasileirao_Betano_Serie_A_2025.csv,https://www.cbf.com.br/futebol-brasileiro/tabelas/campeonato-brasileiro/serie-a/2025/1779?documento=Regulamento,2026-09-09T16:47:00-03:00,MEDIUM
Brasileirão Série A,2025,2,2025-04-05,22:00,Botafogo,Juventude,2,0,,,HOME,,,16,14,,,,,3,3,2,3,,,57,43,Match Capital public dataset (match stats) + CBF structural validation,https://github.com/aimidas2/match-capital-1/blob/main/data/season_2025/ligas/Brasileirao_Betano_Serie_A_2025.csv,https://www.cbf.com.br/futebol-brasileiro/tabelas/campeonato-brasileiro/serie-a/2025/1779?documento=Regulamento,2026-09-09T16:47:00-03:00,MEDIUM
Brasileirão Série A,2025,2,2025-04-06,17:00,Atlético-MG,São Paulo,0,0,,,DRAW,,,25,6,,,,,12,4,2,3,,,60,40,Match Capital public dataset (match stats) + CBF structural validation,https://github.com/aimidas2/match-capital-1/blob/main/data/season_2025/ligas/Brasileirao_Betano_Serie_A_2025.csv,https://www.cbf.com.br/futebol-brasileiro/tabelas/campeonato-brasileiro/serie-a/2025/1779?documento=Regulamento,2026-09-09T16:47:00-03:00,MEDIUM
Brasileirão Série A,2025,2,2025-04-06,17:00,Fluminense,Red Bull Bragantino,2,1,,,HOME,,,15,17,,,,,6,6,1,0,,,46,54,Match Capital public dataset (match stats) + CBF structural validation,https://github.com/aimidas2/match-capital-1/blob/main/data/season_2025/ligas/Brasileirao_Betano_Serie_A_2025.csv,https://www.cbf.com.br/futebol-brasileiro/tabelas/campeonato-brasileiro/serie-a/2025/1779?documento=Regulamento,2026-09-09T16:47:00-03:00,MEDIUM
Brasileirão Série A,2025,2,2025-04-06,19:30,Internacional,Cruzeiro,3,0,,,HOME,,,24,6,,,,,9,2,1,1,,,68,32,Match Capital public dataset (match stats) + CBF structural validation,https://github.com/aimidas2/match-capital-1/blob/main/data/season_2025/ligas/Brasileirao_Betano_Serie_A_2025.csv,https://www.cbf.com.br/futebol-brasileiro/tabelas/campeonato-brasileiro/serie-a/2025/1779?documento=Regulamento,2026-09-09T16:47:00-03:00,MEDIUM
Brasileirão Série A,2025,2,2025-04-06,19:30,Mirassol,Fortaleza,1,1,,,DRAW,,,20,7,,,,,8,1,2,3,,,70,30,Match Capital public dataset (match stats) + CBF structural validation,https://github.com/aimidas2/match-capital-1/blob/main/data/season_2025/ligas/Brasileirao_Betano_Serie_A_2025.csv,https://www.cbf.com.br/futebol-brasileiro/tabelas/campeonato-brasileiro/serie-a/2025/1779?documento=Regulamento,2026-09-09T16:47:00-03:00,MEDIUM
Brasileirão Série A,2025,2,2025-04-06,19:30,Sport,Palmeiras,1,2,,,AWAY,,,9,7,,,,,6,3,6,4,,,51,49,Match Capital public dataset (match stats) + CBF structural validation,https://github.com/aimidas2/match-capital-1/blob/main/data/season_2025/ligas/Brasileirao_Betano_Serie_A_2025.csv,https://www.cbf.com.br/futebol-brasileiro/tabelas/campeonato-brasileiro/serie-a/2025/1779?documento=Regulamento,2026-09-09T16:47:00-03:00,MEDIUM
Brasileirão Série A,2025,2,2025-04-06,19:30,Vitória,Flamengo,1,2,,,AWAY,,,5,14,,,,,2,6,,,,,37,63,Match Capital public dataset (match stats) + CBF structural validation,https://github.com/aimidas2/match-capital-1/blob/main/data/season_2025/ligas/Brasileirao_Betano_Serie_A_2025.csv,https://www.cbf.com.br/futebol-brasileiro/tabelas/campeonato-brasileiro/serie-a/2025/1779?documento=Regulamento,2026-09-09T16:47:00-03:00,MEDIUM
Brasileirão Série A,2025,2,2025-04-06,21:30,Santos,Bahia,2,2,,,DRAW,,,22,10,,,,,9,3,5,2,,,55,45,Match Capital public dataset (match stats) + CBF structural validation,https://github.com/aimidas2/match-capital-1/blob/main/data/season_2025/ligas/Brasileirao_Betano_Serie_A_2025.csv,https://www.cbf.com.br/futebol-brasileiro/tabelas/campeonato-brasileiro/serie-a/2025/1779?documento=Regulamento,2026-09-09T16:47:00-03:00,MEDIUM
Brasileirão Série A,2025,3,2025-04-12,17:00,Juventude,Ceará,2,1,,,HOME,,,17,8,,,,,4,3,1,3,,,58,42,Match Capital public dataset (match stats) + CBF structural validation,https://github.com/aimidas2/match-capital-1/blob/main/data/season_2025/ligas/Brasileirao_Betano_Serie_A_2025.csv,https://www.cbf.com.br/futebol-brasileiro/tabelas/campeonato-brasileiro/serie-a/2025/1779?documento=Regulamento,2026-09-09T16:47:00-03:00,MEDIUM
Brasileirão Série A,2025,3,2025-04-12,17:00,Red Bull Bragantino,Botafogo,1,0,,,HOME,,,11,12,,,,,3,8,3,2,,,37,63,Match Capital public dataset (match stats) + CBF structural validation,https://github.com/aimidas2/match-capital-1/blob/main/data/season_2025/ligas/Brasileirao_Betano_Serie_A_2025.csv,https://www.cbf.com.br/futebol-brasileiro/tabelas/campeonato-brasileiro/serie-a/2025/1779?documento=Regulamento,2026-09-09T16:47:00-03:00,MEDIUM
Brasileirão Série A,2025,3,2025-04-12,19:30,Palmeiras,Corinthians,2,0,,,HOME,,,13,8,,,,,1,3,6,5,,,34,66,Match Capital public dataset (match stats) + CBF structural validation,https://github.com/aimidas2/match-capital-1/blob/main/data/season_2025/ligas/Brasileirao_Betano_Serie_A_2025.csv,https://www.cbf.com.br/futebol-brasileiro/tabelas/campeonato-brasileiro/serie-a/2025/1779?documento=Regulamento,2026-09-09T16:47:00-03:00,MEDIUM
Brasileirão Série A,2025,3,2025-04-12,22:00,Vasco da Gama,Sport,3,1,,,HOME,,,10,18,,,,,1,10,3,2,,,45,55,Match Capital public dataset (match stats) + CBF structural validation,https://github.com/aimidas2/match-capital-1/blob/main/data/season_2025/ligas/Brasileirao_Betano_Serie_A_2025.csv,https://www.cbf.com.br/futebol-brasileiro/tabelas/campeonato-brasileiro/serie-a/2025/1779?documento=Regulamento,2026-09-09T16:47:00-03:00,MEDIUM
Brasileirão Série A,2025,3,2025-04-13,17:00,Bahia,Mirassol,1,1,,,DRAW,,,17,5,,,,,10,2,2,5,,,57,43,Match Capital public dataset (match stats) + CBF structural validation,https://github.com/aimidas2/match-capital-1/blob/main/data/season_2025/ligas/Brasileirao_Betano_Serie_A_2025.csv,https://www.cbf.com.br/futebol-brasileiro/tabelas/campeonato-brasileiro/serie-a/2025/1779?documento=Regulamento,2026-09-09T16:47:00-03:00,MEDIUM
Brasileirão Série A,2025,3,2025-04-13,18:30,Grêmio,Flamengo,0,2,,,AWAY,,,10,8,,,,,3,4,1,2,,,39,61,Match Capital public dataset (match stats) + CBF structural validation,https://github.com/aimidas2/match-capital-1/blob/main/data/season_2025/ligas/Brasileirao_Betano_Serie_A_2025.csv,https://www.cbf.com.br/futebol-brasileiro/tabelas/campeonato-brasileiro/serie-a/2025/1779?documento=Regulamento,2026-09-09T16:47:00-03:00,MEDIUM
Brasileirão Série A,2025,3,2025-04-13,18:30,São Paulo,Cruzeiro,1,1,,,DRAW,,,11,15,,,,,4,6,5,6,,,57,43,Match Capital public dataset (match stats) + CBF structural validation,https://github.com/aimidas2/match-capital-1/blob/main/data/season_2025/ligas/Brasileirao_Betano_Serie_A_2025.csv,https://www.cbf.com.br/futebol-brasileiro/tabelas/campeonato-brasileiro/serie-a/2025/1779?documento=Regulamento,2026-09-09T16:47:00-03:00,MEDIUM
Brasileirão Série A,2025,3,2025-04-13,20:30,Fluminense,Santos,1,0,,,HOME,,,13,4,,,,,3,3,2,4,0,0,,,Sofascore via leoruy-code/estatisticas,https://github.com/leoruy-code/estatisticas/blob/main/data/matches.csv,https://raw.githubusercontent.com/marcioklipper/brasileirao-bot/main/brasileirao_2025_completo.csv,2026-09-09T16:47:00-03:00,MEDIUM
Brasileirão Série A,2025,3,2025-04-13,21:00,Fortaleza,Internacional,0,0,,,DRAW,,,10,9,,,,,5,5,6,2,1,0,,,Sofascore via leoruy-code/estatisticas,https://github.com/leoruy-code/estatisticas/blob/main/data/matches.csv,https://raw.githubusercontent.com/marcioklipper/brasileirao-bot/main/brasileirao_2025_completo.csv,2026-09-09T16:47:00-03:00,MEDIUM
Brasileirão Série A,2025,3,2025-04-13,21:30,Atlético-MG,Vitória,2,2,,,DRAW,,,35,9,,,,,16,3,2,3,0,0,,,Sofascore via leoruy-code/estatisticas,https://github.com/leoruy-code/estatisticas/blob/main/data/matches.csv,https://raw.githubusercontent.com/marcioklipper/brasileirao-bot/main/brasileirao_2025_completo.csv,2026-09-09T16:47:00-03:00,MEDIUM
Brasileirão Série A,2025,4,2025-04-15,22:30,Ceará,Vasco da Gama,2,1,,,HOME,,,11,11,,,,,1,2,3,4,0,0,,,Sofascore-derived structured public dataset (leoruy-code/estatisticas),https://github.com/leoruy-code/estatisticas/blob/main/data/matches.csv,https://raw.githubusercontent.com/marcioklipper/brasileirao-bot/main/brasileirao_2025_completo.csv,2026-09-09T16:47:00-03:00,MEDIUM
Brasileirão Série A,2025,4,2025-04-16,19:30,Botafogo,São Paulo,2,2,,,DRAW,,,23,14,,,,,9,4,0,4,0,0,,,Sofascore via leoruy-code/estatisticas,https://github.com/leoruy-code/estatisticas/blob/main/data/matches.csv,https://raw.githubusercontent.com/marcioklipper/brasileirao-bot/main/brasileirao_2025_completo.csv,2026-09-09T16:47:00-03:00,MEDIUM
Brasileirão Série A,2025,4,2025-04-16,20:00,Mirassol,Grêmio,4,1,,,HOME,,,11,16,,,,,2,7,2,4,0,0,,,Sofascore-derived structured public dataset (leoruy-code/estatisticas),https://github.com/leoruy-code/estatisticas/blob/main/data/matches.csv,https://raw.githubusercontent.com/marcioklipper/brasileirao-bot/main/brasileirao_2025_completo.csv,2026-09-09T16:47:00-03:00,MEDIUM
Brasileirão Série A,2025,4,2025-04-16,20:00,Sport,Red Bull Bragantino,0,1,,,AWAY,,,,,,,,,,,,,,,,,CBF + fontes públicas de resultados 2025,https://www.cbf.com.br/futebol-brasileiro/tabelas/campeonato-brasileiro/serie-a/2025/1779?documento=Regulamento,https://raw.githubusercontent.com/marcioklipper/brasileirao-bot/main/brasileirao_2025_completo.csv,2026-09-09T16:47:00-03:00,HIGH
Brasileirão Série A,2025,4,2025-04-16,20:30,Corinthians,Fluminense,0,2,,,AWAY,,,10,8,,,,,7,4,2,2,0,0,,,Sofascore via leoruy-code/estatisticas,https://github.com/leoruy-code/estatisticas/blob/main/data/matches.csv,https://raw.githubusercontent.com/marcioklipper/brasileirao-bot/main/brasileirao_2025_completo.csv,2026-09-09T16:47:00-03:00,MEDIUM
Brasileirão Série A,2025,4,2025-04-16,20:30,Internacional,Palmeiras,0,1,,,AWAY,,,11,12,,,,,1,6,0,1,0,0,,,Sofascore via leoruy-code/estatisticas,https://github.com/leoruy-code/estatisticas/blob/main/data/matches.csv,https://raw.githubusercontent.com/marcioklipper/brasileirao-bot/main/brasileirao_2025_completo.csv,2026-09-09T16:47:00-03:00,MEDIUM
Brasileirão Série A,2025,4,2025-04-16,22:30,Flamengo,Juventude,6,0,,,HOME,,,18,4,,,,,6,0,1,1,0,0,,,Sofascore via leoruy-code/estatisticas,https://github.com/leoruy-code/estatisticas/blob/main/data/matches.csv,https://raw.githubusercontent.com/marcioklipper/brasileirao-bot/main/brasileirao_2025_completo.csv,2026-09-09T16:47:00-03:00,MEDIUM
Brasileirão Série A,2025,4,2025-04-16,22:30,Santos,Atlético-MG,2,0,,,HOME,,,11,16,,,,,3,6,3,3,0,0,,,Sofascore via leoruy-code/estatisticas,https://github.com/leoruy-code/estatisticas/blob/main/data/matches.csv,https://raw.githubusercontent.com/marcioklipper/brasileirao-bot/main/brasileirao_2025_completo.csv,2026-09-09T16:47:00-03:00,MEDIUM
Brasileirão Série A,2025,4,2025-04-16,22:30,Vitória,Fortaleza,2,1,,,HOME,,,15,9,,,,,5,5,1,1,0,0,,,Sofascore via leoruy-code/estatisticas,https://github.com/leoruy-code/estatisticas/blob/main/data/matches.csv,https://raw.githubusercontent.com/marcioklipper/brasileirao-bot/main/brasileirao_2025_completo.csv,2026-09-09T16:47:00-03:00,MEDIUM
Brasileirão Série A,2025,4,2025-04-17,22:30,Cruzeiro,Bahia,3,0,,,HOME,,,14,7,,,,,4,5,5,2,0,0,,,Sofascore via leoruy-code/estatisticas,https://github.com/leoruy-code/estatisticas/blob/main/data/matches.csv,https://raw.githubusercontent.com/marcioklipper/brasileirao-bot/main/brasileirao_2025_completo.csv,2026-09-09T16:47:00-03:00,MEDIUM
Brasileirão Série A,2025,5,2025-04-19,17:00,Corinthians,Sport,2,1,,,HOME,,,17,10,,,,,5,4,3,2,0,0,,,Sofascore-derived structured public dataset (leoruy-code/estatisticas),https://github.com/leoruy-code/estatisticas/blob/main/data/matches.csv,https://raw.githubusercontent.com/marcioklipper/brasileirao-bot/main/brasileirao_2025_completo.csv,2026-09-09T16:47:00-03:00,MEDIUM
Brasileirão Série A,2025,5,2025-04-19,19:30,Vasco da Gama,Flamengo,0,0,,,DRAW,,,6,17,,,,,2,11,2,1,0,0,,,Sofascore-derived structured public dataset (leoruy-code/estatisticas),https://github.com/leoruy-code/estatisticas/blob/main/data/matches.csv,https://raw.githubusercontent.com/marcioklipper/brasileirao-bot/main/brasileirao_2025_completo.csv,2026-09-09T16:47:00-03:00,MEDIUM
Brasileirão Série A,2025,5,2025-04-19,22:00,Grêmio,Internacional,1,1,,,DRAW,,,8,14,,,,,3,7,7,3,1,0,,,Sofascore-derived structured public dataset (leoruy-code/estatisticas),https://github.com/leoruy-code/estatisticas/blob/main/data/matches.csv,https://raw.githubusercontent.com/marcioklipper/brasileirao-bot/main/brasileirao_2025_completo.csv,2026-09-09T16:47:00-03:00,MEDIUM
Brasileirão Série A,2025,5,2025-04-20,12:00,Juventude,Mirassol,2,2,,,DRAW,,,,,,,,,,,,,,,,,CBF + fontes públicas de resultados 2025,https://www.cbf.com.br/futebol-brasileiro/tabelas/campeonato-brasileiro/serie-a/2025/1779?documento=Regulamento,https://raw.githubusercontent.com/marcioklipper/brasileirao-bot/main/brasileirao_2025_completo.csv,2026-09-09T16:47:00-03:00,HIGH
Brasileirão Série A,2025,5,2025-04-20,17:00,Atlético-MG,Botafogo,1,0,,,HOME,,,13,7,,,,,8,4,3,2,0,1,,,Sofascore-derived structured public dataset (leoruy-code/estatisticas),https://github.com/leoruy-code/estatisticas/blob/main/data/matches.csv,https://raw.githubusercontent.com/marcioklipper/brasileirao-bot/main/brasileirao_2025_completo.csv,2026-09-09T16:47:00-03:00,MEDIUM
Brasileirão Série A,2025,5,2025-04-20,17:00,São Paulo,Santos,2,1,,,HOME,,,6,15,,,,,5,5,7,3,0,0,,,Sofascore-derived structured public dataset (leoruy-code/estatisticas),https://github.com/leoruy-code/estatisticas/blob/main/data/matches.csv,https://raw.githubusercontent.com/marcioklipper/brasileirao-bot/main/brasileirao_2025_completo.csv,2026-09-09T16:47:00-03:00,MEDIUM
Brasileirão Série A,2025,5,2025-04-20,19:30,Fluminense,Vitória,1,1,,,DRAW,,,11,7,,,,,6,4,0,1,0,0,,,Sofascore-derived structured public dataset (leoruy-code/estatisticas),https://github.com/leoruy-code/estatisticas/blob/main/data/matches.csv,https://raw.githubusercontent.com/marcioklipper/brasileirao-bot/main/brasileirao_2025_completo.csv,2026-09-09T16:47:00-03:00,MEDIUM
Brasileirão Série A,2025,5,2025-04-20,19:30,Fortaleza,Palmeiras,1,2,,,AWAY,,,13,6,,,,,8,2,1,1,0,0,,,Sofascore-derived structured public dataset (leoruy-code/estatisticas),https://github.com/leoruy-code/estatisticas/blob/main/data/matches.csv,https://raw.githubusercontent.com/marcioklipper/brasileirao-bot/main/brasileirao_2025_completo.csv,2026-09-09T16:47:00-03:00,MEDIUM
Brasileirão Série A,2025,5,2025-04-20,21:30,Red Bull Bragantino,Cruzeiro,1,0,,,HOME,,,20,12,,,,,4,9,2,3,0,0,,,Sofascore-derived structured public dataset (leoruy-code/estatisticas),https://github.com/leoruy-code/estatisticas/blob/main/data/matches.csv,https://raw.githubusercontent.com/marcioklipper/brasileirao-bot/main/brasileirao_2025_completo.csv,2026-09-09T16:47:00-03:00,MEDIUM
Brasileirão Série A,2025,5,2025-04-21,21:00,Bahia,Ceará,1,0,,,HOME,,,13,10,,,,,3,4,2,4,0,0,,,Sofascore-derived structured public dataset (leoruy-code/estatisticas),https://github.com/leoruy-code/estatisticas/blob/main/data/matches.csv,https://raw.githubusercontent.com/marcioklipper/brasileirao-bot/main/brasileirao_2025_completo.csv,2026-09-09T16:47:00-03:00,MEDIUM
Brasileirão Série A,2025,6,2025-04-26,17:00,Internacional,Juventude,3,1,,,HOME,,,13,4,,,,,9,2,1,2,0,0,,,Sofascore-derived structured public dataset (leoruy-code/estatisticas),https://github.com/leoruy-code/estatisticas/blob/main/data/matches.csv,https://raw.githubusercontent.com/marcioklipper/brasileirao-bot/main/brasileirao_2025_completo.csv,2026-09-09T16:47:00-03:00,MEDIUM
Brasileirão Série A,2025,6,2025-04-26,19:30,Ceará,São Paulo,1,1,,,DRAW,,,7,14,,,,,3,2,2,5,0,0,,,Sofascore-derived structured public dataset (leoruy-code/estatisticas),https://github.com/leoruy-code/estatisticas/blob/main/data/matches.csv,https://raw.githubusercontent.com/marcioklipper/brasileirao-bot/main/brasileirao_2025_completo.csv,2026-09-09T16:47:00-03:00,MEDIUM
Brasileirão Série A,2025,6,2025-04-26,19:30,Mirassol,Atlético-MG,2,2,,,DRAW,,,20,16,,,,,9,7,4,2,0,0,,,Sofascore-derived structured public dataset (leoruy-code/estatisticas),https://github.com/leoruy-code/estatisticas/blob/main/data/matches.csv,https://raw.githubusercontent.com/marcioklipper/brasileirao-bot/main/brasileirao_2025_completo.csv,2026-09-09T16:47:00-03:00,MEDIUM
Brasileirão Série A,2025,6,2025-04-26,21:00,Sport,Fortaleza,0,0,,,DRAW,,,16,11,,,,,6,6,0,4,0,1,,,Sofascore-derived structured public dataset (leoruy-code/estatisticas),https://github.com/leoruy-code/estatisticas/blob/main/data/matches.csv,https://raw.githubusercontent.com/marcioklipper/brasileirao-bot/main/brasileirao_2025_completo.csv,2026-09-09T16:47:00-03:00,MEDIUM
Brasileirão Série A,2025,6,2025-04-26,22:00,Botafogo,Fluminense,2,0,,,HOME,,,15,8,,,,,6,3,4,4,0,0,,,Sofascore-derived structured public dataset (leoruy-code/estatisticas),https://github.com/leoruy-code/estatisticas/blob/main/data/matches.csv,https://raw.githubusercontent.com/marcioklipper/brasileirao-bot/main/brasileirao_2025_completo.csv,2026-09-09T16:47:00-03:00,MEDIUM
Brasileirão Série A,2025,6,2025-04-27,17:00,Flamengo,Corinthians,4,0,,,HOME,,,17,8,,,,,10,3,2,1,0,0,,,Sofascore-derived structured public dataset (leoruy-code/estatisticas),https://github.com/leoruy-code/estatisticas/blob/main/data/matches.csv,https://raw.githubusercontent.com/marcioklipper/brasileirao-bot/main/brasileirao_2025_completo.csv,2026-09-09T16:47:00-03:00,MEDIUM
Brasileirão Série A,2025,6,2025-04-27,19:30,Cruzeiro,Vasco da Gama,1,0,,,HOME,,,11,15,,,,,4,8,0,0,0,0,,,Sofascore-derived structured public dataset (leoruy-code/estatisticas),https://github.com/leoruy-code/estatisticas/blob/main/data/matches.csv,https://raw.githubusercontent.com/marcioklipper/brasileirao-bot/main/brasileirao_2025_completo.csv,2026-09-09T16:47:00-03:00,MEDIUM
Brasileirão Série A,2025,6,2025-04-27,19:30,Palmeiras,Bahia,0,1,,,AWAY,,,21,11,,,,,6,4,1,2,0,0,,,Sofascore-derived structured public dataset (leoruy-code/estatisticas),https://github.com/leoruy-code/estatisticas/blob/main/data/matches.csv,https://raw.githubusercontent.com/marcioklipper/brasileirao-bot/main/brasileirao_2025_completo.csv,2026-09-09T16:47:00-03:00,MEDIUM
Brasileirão Série A,2025,6,2025-04-27,19:30,Vitória,Grêmio,1,1,,,DRAW,,,14,11,,,,,6,2,4,1,0,0,,,Sofascore-derived structured public dataset (leoruy-code/estatisticas),https://github.com/leoruy-code/estatisticas/blob/main/data/matches.csv,https://raw.githubusercontent.com/marcioklipper/brasileirao-bot/main/brasileirao_2025_completo.csv,2026-09-09T16:47:00-03:00,MEDIUM
Brasileirão Série A,2025,6,2025-04-27,21:30,Santos,Red Bull Bragantino,1,2,,,AWAY,,,,,,,,,,,,,,,,,CBF + fontes públicas de resultados 2025,https://www.cbf.com.br/futebol-brasileiro/tabelas/campeonato-brasileiro/serie-a/2025/1779?documento=Regulamento,https://raw.githubusercontent.com/marcioklipper/brasileirao-bot/main/brasileirao_2025_completo.csv,2026-09-09T16:47:00-03:00,HIGH
Brasileirão Série A,2025,7,2025-05-02,22:30,São Paulo,Fortaleza,0,0,,,DRAW,,,14,17,,,,,5,13,2,2,0,0,,,Sofascore-derived structured public dataset (leoruy-code/estatisticas),https://github.com/leoruy-code/estatisticas/blob/main/data/matches.csv,https://raw.githubusercontent.com/marcioklipper/brasileirao-bot/main/brasileirao_2025_completo.csv,2026-09-09T16:47:00-03:00,MEDIUM
Brasileirão Série A,2025,7,2025-05-03,19:30,Ceará,Vitória,1,0,,,HOME,,,,,,,,,,,,,,,,,CBF + fontes públicas de resultados 2025,https://www.cbf.com.br/futebol-brasileiro/tabelas/campeonato-brasileiro/serie-a/2025/1779?documento=Regulamento,https://raw.githubusercontent.com/marcioklipper/brasileirao-bot/main/brasileirao_2025_completo.csv,2026-09-09T16:47:00-03:00,HIGH
Brasileirão Série A,2025,7,2025-05-03,19:30,Corinthians,Internacional,4,2,,,HOME,,,22,8,,,,,3,7,3,3,0,1,,,Sofascore-derived structured public dataset (leoruy-code/estatisticas),https://github.com/leoruy-code/estatisticas/blob/main/data/matches.csv,https://raw.githubusercontent.com/marcioklipper/brasileirao-bot/main/brasileirao_2025_completo.csv,2026-09-09T16:47:00-03:00,MEDIUM
Brasileirão Série A,2025,7,2025-05-03,19:30,Fluminense,Sport,2,1,,,HOME,,,20,11,,,,,10,6,1,5,0,0,,,Sofascore-derived structured public dataset (leoruy-code/estatisticas),https://github.com/leoruy-code/estatisticas/blob/main/data/matches.csv,https://raw.githubusercontent.com/marcioklipper/brasileirao-bot/main/brasileirao_2025_completo.csv,2026-09-09T16:47:00-03:00,MEDIUM
Brasileirão Série A,2025,7,2025-05-03,22:00,Bahia,Botafogo,1,0,,,HOME,,,9,16,,,,,3,3,3,4,0,0,,,Sofascore-derived structured public dataset (leoruy-code/estatisticas),https://github.com/leoruy-code/estatisticas/blob/main/data/matches.csv,https://raw.githubusercontent.com/marcioklipper/brasileirao-bot/main/brasileirao_2025_completo.csv,2026-09-09T16:47:00-03:00,MEDIUM
Brasileirão Série A,2025,7,2025-05-04,17:00,Grêmio,Santos,1,0,,,HOME,,,8,13,,,,,3,6,5,3,0,0,,,Sofascore-derived structured public dataset (leoruy-code/estatisticas),https://github.com/leoruy-code/estatisticas/blob/main/data/matches.csv,https://raw.githubusercontent.com/marcioklipper/brasileirao-bot/main/brasileirao_2025_completo.csv,2026-09-09T16:47:00-03:00,MEDIUM
Brasileirão Série A,2025,7,2025-05-04,17:00,Vasco da Gama,Palmeiras,0,1,,,AWAY,,,13,16,,,,,7,11,2,0,0,0,,,Sofascore-derived structured public dataset (leoruy-code/estatisticas),https://github.com/leoruy-code/estatisticas/blob/main/data/matches.csv,https://raw.githubusercontent.com/marcioklipper/brasileirao-bot/main/brasileirao_2025_completo.csv,2026-09-09T16:47:00-03:00,MEDIUM
Brasileirão Série A,2025,7,2025-05-04,19:30,Cruzeiro,Flamengo,2,1,,,HOME,,,17,6,,,,,6,5,4,2,0,0,,,Sofascore-derived structured public dataset (leoruy-code/estatisticas),https://github.com/leoruy-code/estatisticas/blob/main/data/matches.csv,https://raw.githubusercontent.com/marcioklipper/brasileirao-bot/main/brasileirao_2025_completo.csv,2026-09-09T16:47:00-03:00,MEDIUM
Brasileirão Série A,2025,7,2025-05-05,20:00,Red Bull Bragantino,Mirassol,1,0,,,HOME,,,,,,,,,,,,,,,,,CBF + fontes públicas de resultados 2025,https://www.cbf.com.br/futebol-brasileiro/tabelas/campeonato-brasileiro/serie-a/2025/1779?documento=Regulamento,https://raw.githubusercontent.com/marcioklipper/brasileirao-bot/main/brasileirao_2025_completo.csv,2026-09-09T16:47:00-03:00,HIGH
Brasileirão Série A,2025,7,2025-05-05,21:00,Juventude,Atlético-MG,0,1,,,AWAY,,,13,26,,,,,3,5,2,2,0,0,,,Sofascore-derived structured public dataset (leoruy-code/estatisticas),https://github.com/leoruy-code/estatisticas/blob/main/data/matches.csv,https://raw.githubusercontent.com/marcioklipper/brasileirao-bot/main/brasileirao_2025_completo.csv,2026-09-09T16:47:00-03:00,MEDIUM
Brasileirão Série A,2025,8,2025-05-10,17:00,Fortaleza,Juventude,5,0,,,HOME,,,20,4,,,,,5,4,3,4,0,0,,,Sofascore-derived structured public dataset (leoruy-code/estatisticas),https://github.com/leoruy-code/estatisticas/blob/main/data/matches.csv,https://raw.githubusercontent.com/marcioklipper/brasileirao-bot/main/brasileirao_2025_completo.csv,2026-09-09T16:47:00-03:00,MEDIUM
Brasileirão Série A,2025,8,2025-05-10,19:30,Grêmio,Red Bull Bragantino,1,1,,,DRAW,,,16,11,,,,,6,4,1,3,0,0,,,Sofascore-derived structured public dataset (leoruy-code/estatisticas),https://github.com/leoruy-code/estatisticas/blob/main/data/matches.csv,https://raw.githubusercontent.com/marcioklipper/brasileirao-bot/main/brasileirao_2025_completo.csv,2026-09-09T16:47:00-03:00,MEDIUM
Brasileirão Série A,2025,8,2025-05-10,19:30,Mirassol,Corinthians,2,1,,,HOME,,,14,10,,,,,4,5,2,5,0,0,,,Sofascore-derived structured public dataset (leoruy-code/estatisticas),https://github.com/leoruy-code/estatisticas/blob/main/data/matches.csv,https://raw.githubusercontent.com/marcioklipper/brasileirao-bot/main/brasileirao_2025_completo.csv,2026-09-09T16:47:00-03:00,MEDIUM
Brasileirão Série A,2025,8,2025-05-10,19:30,Vitória,Vasco da Gama,2,1,,,HOME,,,,,,,,,,,,,,,,,CBF + fontes públicas de resultados 2025,https://www.cbf.com.br/futebol-brasileiro/tabelas/campeonato-brasileiro/serie-a/2025/1779?documento=Regulamento,https://raw.githubusercontent.com/marcioklipper/brasileirao-bot/main/brasileirao_2025_completo.csv,2026-09-09T16:47:00-03:00,HIGH
Brasileirão Série A,2025,8,2025-05-10,22:00,Flamengo,Bahia,1,0,,,HOME,,,14,6,,,,,8,2,0,1,1,0,,,Sofascore-derived structured public dataset (leoruy-code/estatisticas),https://github.com/leoruy-code/estatisticas/blob/main/data/matches.csv,https://raw.githubusercontent.com/marcioklipper/brasileirao-bot/main/brasileirao_2025_completo.csv,2026-09-09T16:47:00-03:00,MEDIUM
Brasileirão Série A,2025,8,2025-05-11,17:00,Sport,Cruzeiro,0,4,,,AWAY,,,11,17,,,,,7,4,1,0,0,0,,,Sofascore-derived structured public dataset (leoruy-code/estatisticas),https://github.com/leoruy-code/estatisticas/blob/main/data/matches.csv,https://raw.githubusercontent.com/marcioklipper/brasileirao-bot/main/brasileirao_2025_completo.csv,2026-09-09T16:47:00-03:00,MEDIUM
Brasileirão Série A,2025,8,2025-05-11,18:30,Atlético-MG,Fluminense,3,2,,,HOME,,,14,5,,,,,10,0,2,2,0,0,,,Sofascore-derived structured public dataset (leoruy-code/estatisticas),https://github.com/leoruy-code/estatisticas/blob/main/data/matches.csv,https://raw.githubusercontent.com/marcioklipper/brasileirao-bot/main/brasileirao_2025_completo.csv,2026-09-09T16:47:00-03:00,MEDIUM
Brasileirão Série A,2025,8,2025-05-11,18:30,Palmeiras,São Paulo,1,0,,,HOME,,,17,6,,,,,10,1,1,2,0,0,,,Sofascore-derived structured public dataset (leoruy-code/estatisticas),https://github.com/leoruy-code/estatisticas/blob/main/data/matches.csv,https://raw.githubusercontent.com/marcioklipper/brasileirao-bot/main/brasileirao_2025_completo.csv,2026-09-09T16:47:00-03:00,MEDIUM
Brasileirão Série A,2025,8,2025-05-11,21:00,Botafogo,Internacional,4,0,,,HOME,,,12,19,,,,,2,7,0,1,0,0,,,Sofascore-derived structured public dataset (leoruy-code/estatisticas),https://github.com/leoruy-code/estatisticas/blob/main/data/matches.csv,https://raw.githubusercontent.com/marcioklipper/brasileirao-bot/main/brasileirao_2025_completo.csv,2026-09-09T16:47:00-03:00,MEDIUM
Brasileirão Série A,2025,8,2025-05-12,21:00,Santos,Ceará,0,0,,,DRAW,,,,,,,,,,,,,,,,,CBF + fontes públicas de resultados 2025,https://www.cbf.com.br/futebol-brasileiro/tabelas/campeonato-brasileiro/serie-a/2025/1779?documento=Regulamento,https://raw.githubusercontent.com/marcioklipper/brasileirao-bot/main/brasileirao_2025_completo.csv,2026-09-09T16:47:00-03:00,HIGH
Brasileirão Série A,2025,9,2025-05-17,17:00,Ceará,Sport,2,0,,,HOME,,,,,,,,,,,,,,,,,CBF + fontes públicas de resultados 2025,https://www.cbf.com.br/futebol-brasileiro/tabelas/campeonato-brasileiro/serie-a/2025/1779?documento=Regulamento,https://raw.githubusercontent.com/marcioklipper/brasileirao-bot/main/brasileirao_2025_completo.csv,2026-09-09T16:47:00-03:00,HIGH
Brasileirão Série A,2025,9,2025-05-17,19:30,Vasco da Gama,Fortaleza,3,0,,,HOME,,,14,10,,,,,4,7,2,1,1,1,,,Sofascore-derived structured public dataset (leoruy-code/estatisticas),https://github.com/leoruy-code/estatisticas/blob/main/data/matches.csv,https://raw.githubusercontent.com/marcioklipper/brasileirao-bot/main/brasileirao_2025_completo.csv,2026-09-09T16:47:00-03:00,MEDIUM
Brasileirão Série A,2025,9,2025-05-17,22:00,São Paulo,Grêmio,2,1,,,HOME,,,20,3,,,,,8,3,4,5,0,0,,,Sofascore-derived structured public dataset (leoruy-code/estatisticas),https://github.com/leoruy-code/estatisticas/blob/main/data/matches.csv,https://raw.githubusercontent.com/marcioklipper/brasileirao-bot/main/brasileirao_2025_completo.csv,2026-09-09T16:47:00-03:00,MEDIUM
Brasileirão Série A,2025,9,2025-05-18,17:00,Bahia,Vitória,2,1,,,HOME,,,8,23,,,,,1,10,3,4,1,1,,,Sofascore-derived structured public dataset (leoruy-code/estatisticas),https://github.com/leoruy-code/estatisticas/blob/main/data/matches.csv,https://raw.githubusercontent.com/marcioklipper/brasileirao-bot/main/brasileirao_2025_completo.csv,2026-09-09T16:47:00-03:00,MEDIUM
Brasileirão Série A,2025,9,2025-05-18,17:00,Corinthians,Santos,1,0,,,HOME,,,11,6,,,,,5,3,2,6,0,1,,,Sofascore-derived structured public dataset (leoruy-code/estatisticas),https://github.com/leoruy-code/estatisticas/blob/main/data/matches.csv,https://raw.githubusercontent.com/marcioklipper/brasileirao-bot/main/brasileirao_2025_completo.csv,2026-09-09T16:47:00-03:00,MEDIUM
Brasileirão Série A,2025,9,2025-05-18,17:00,Juventude,Fluminense,1,1,,,DRAW,,,9,17,,,,,5,5,4,3,0,0,,,Sofascore-derived structured public dataset (leoruy-code/estatisticas),https://github.com/leoruy-code/estatisticas/blob/main/data/matches.csv,https://raw.githubusercontent.com/marcioklipper/brasileirao-bot/main/brasileirao_2025_completo.csv,2026-09-09T16:47:00-03:00,MEDIUM
Brasileirão Série A,2025,9,2025-05-18,19:30,Flamengo,Botafogo,0,0,,,DRAW,,,15,8,,,,,7,3,1,5,0,0,,,Sofascore-derived structured public dataset (leoruy-code/estatisticas),https://github.com/leoruy-code/estatisticas/blob/main/data/matches.csv,https://raw.githubusercontent.com/marcioklipper/brasileirao-bot/main/brasileirao_2025_completo.csv,2026-09-09T16:47:00-03:00,MEDIUM
Brasileirão Série A,2025,9,2025-05-18,19:30,Red Bull Bragantino,Palmeiras,1,2,,,AWAY,,,9,15,,,,,8,12,2,2,0,0,,,Sofascore-derived structured public dataset (leoruy-code/estatisticas),https://github.com/leoruy-code/estatisticas/blob/main/data/matches.csv,https://raw.githubusercontent.com/marcioklipper/brasileirao-bot/main/brasileirao_2025_completo.csv,2026-09-09T16:47:00-03:00,MEDIUM
Brasileirão Série A,2025,9,2025-05-18,21:30,Cruzeiro,Atlético-MG,0,0,,,DRAW,,,21,7,,,,,15,1,1,5,0,0,,,Sofascore-derived structured public dataset (leoruy-code/estatisticas),https://github.com/leoruy-code/estatisticas/blob/main/data/matches.csv,https://raw.githubusercontent.com/marcioklipper/brasileirao-bot/main/brasileirao_2025_completo.csv,2026-09-09T16:47:00-03:00,MEDIUM
Brasileirão Série A,2025,9,2025-05-18,21:30,Internacional,Mirassol,1,1,,,DRAW,,,25,8,,,,,6,2,2,4,0,0,,,Sofascore-derived structured public dataset (leoruy-code/estatisticas),https://github.com/leoruy-code/estatisticas/blob/main/data/matches.csv,https://raw.githubusercontent.com/marcioklipper/brasileirao-bot/main/brasileirao_2025_completo.csv,2026-09-09T16:47:00-03:00,MEDIUM
Brasileirão Série A,2025,10,2025-05-24,19:30,Fluminense,Vasco da Gama,2,1,,,HOME,,,17,7,,,,,6,2,4,3,0,0,,,Sofascore-derived structured public dataset (leoruy-code/estatisticas),https://github.com/leoruy-code/estatisticas/blob/main/data/matches.csv,https://raw.githubusercontent.com/marcioklipper/brasileirao-bot/main/brasileirao_2025_completo.csv,2026-09-09T16:47:00-03:00,MEDIUM
Brasileirão Série A,2025,10,2025-05-24,19:30,São Paulo,Mirassol,0,2,,,AWAY,,,13,6,,,,,5,4,4,1,0,0,,,Sofascore-derived structured public dataset (leoruy-code/estatisticas),https://github.com/leoruy-code/estatisticas/blob/main/data/matches.csv,https://raw.githubusercontent.com/marcioklipper/brasileirao-bot/main/brasileirao_2025_completo.csv,2026-09-09T16:47:00-03:00,MEDIUM
Brasileirão Série A,2025,10,2025-05-24,22:00,Atlético-MG,Corinthians,0,0,,,DRAW,,,13,6,,,,,1,1,2,4,0,0,,,Sofascore-derived structured public dataset (leoruy-code/estatisticas),https://github.com/leoruy-code/estatisticas/blob/main/data/matches.csv,https://raw.githubusercontent.com/marcioklipper/brasileirao-bot/main/brasileirao_2025_completo.csv,2026-09-09T16:47:00-03:00,MEDIUM
Brasileirão Série A,2025,10,2025-05-25,12:00,Grêmio,Bahia,1,0,,,HOME,,,9,16,,,,,4,17,4,4,0,0,,,Sofascore-derived structured public dataset (leoruy-code/estatisticas),https://github.com/leoruy-code/estatisticas/blob/main/data/matches.csv,https://raw.githubusercontent.com/marcioklipper/brasileirao-bot/main/brasileirao_2025_completo.csv,2026-09-09T16:47:00-03:00,MEDIUM
Brasileirão Série A,2025,10,2025-05-25,17:00,Palmeiras,Flamengo,0,2,,,AWAY,,,13,7,,,,,3,3,4,2,0,0,,,Sofascore-derived structured public dataset (leoruy-code/estatisticas),https://github.com/leoruy-code/estatisticas/blob/main/data/matches.csv,https://raw.githubusercontent.com/marcioklipper/brasileirao-bot/main/brasileirao_2025_completo.csv,2026-09-09T16:47:00-03:00,MEDIUM
Brasileirão Série A,2025,10,2025-05-25,17:00,Sport,Internacional,1,1,,,DRAW,,,,,,,,,,,,,,,,,CBF + fontes públicas de resultados 2025,https://www.cbf.com.br/futebol-brasileiro/tabelas/campeonato-brasileiro/serie-a/2025/1779?documento=Regulamento,https://raw.githubusercontent.com/marcioklipper/brasileirao-bot/main/brasileirao_2025_completo.csv,2026-09-09T16:47:00-03:00,HIGH
Brasileirão Série A,2025,10,2025-05-25,19:30,Vitória,Santos,0,1,,,AWAY,,,,,,,,,,,,,,,,,CBF + fontes públicas de resultados 2025,https://www.cbf.com.br/futebol-brasileiro/tabelas/campeonato-brasileiro/serie-a/2025/1779?documento=Regulamento,https://raw.githubusercontent.com/marcioklipper/brasileirao-bot/main/brasileirao_2025_completo.csv,2026-09-09T16:47:00-03:00,HIGH
Brasileirão Série A,2025,10,2025-05-25,21:30,Fortaleza,Cruzeiro,0,2,,,AWAY,,,,,,,,,,,,,,,,,CBF + fontes públicas de resultados 2025,https://www.cbf.com.br/futebol-brasileiro/tabelas/campeonato-brasileiro/serie-a/2025/1779?documento=Regulamento,https://raw.githubusercontent.com/marcioklipper/brasileirao-bot/main/brasileirao_2025_completo.csv,2026-09-09T16:47:00-03:00,HIGH
Brasileirão Série A,2025,10,2025-05-26,21:00,Red Bull Bragantino,Juventude,1,0,,,HOME,,,,,,,,,,,,,,,,,CBF + fontes públicas de resultados 2025,https://www.cbf.com.br/futebol-brasileiro/tabelas/campeonato-brasileiro/serie-a/2025/1779?documento=Regulamento,https://raw.githubusercontent.com/marcioklipper/brasileirao-bot/main/brasileirao_2025_completo.csv,2026-09-09T16:47:00-03:00,HIGH
Brasileirão Série A,2025,10,2025-06-04,21:00,Botafogo,Ceará,3,2,,,HOME,,,,,,,,,,,,,,,,,CBF + fontes públicas de resultados 2025,https://www.cbf.com.br/futebol-brasileiro/tabelas/campeonato-brasileiro/serie-a/2025/1779?documento=Regulamento,https://raw.githubusercontent.com/marcioklipper/brasileirao-bot/main/brasileirao_2025_completo.csv,2026-09-09T16:47:00-03:00,HIGH
Brasileirão Série A,2025,11,2025-05-31,19:30,Bahia,São Paulo,2,1,,,HOME,,,9,11,,,,,5,3,1,2,0,0,59,41,Brasileirao_Dataset public structured match stats (Adaoduque),https://github.com/adaoduque/Brasileirao_Dataset/blob/master/data/brasileirao-2025.json,https://raw.githubusercontent.com/adaoduque/Brasileirao_Dataset/master/data/brasileirao-2025.json,2026-09-09T16:47:00-03:00,MEDIUM
Brasileirão Série A,2025,11,2025-05-31,22:00,Vasco da Gama,Red Bull Bragantino,0,2,,,AWAY,,,20,4,,,,,7,3,1,2,0,0,,,Sofascore via leoruy-code/estatisticas,https://github.com/leoruy-code/estatisticas/blob/main/data/matches.csv,https://raw.githubusercontent.com/marcioklipper/brasileirao-bot/main/brasileirao_2025_completo.csv,2026-09-09T16:47:00-03:00,MEDIUM
Brasileirão Série A,2025,11,2025-06-01,12:00,Mirassol,Sport,1,0,,,HOME,,,12,10,,,,,2,7,4,1,0,0,,,Sofascore via leoruy-code/estatisticas,https://github.com/leoruy-code/estatisticas/blob/main/data/matches.csv,https://raw.githubusercontent.com/marcioklipper/brasileirao-bot/main/brasileirao_2025_completo.csv,2026-09-09T16:47:00-03:00,MEDIUM
Brasileirão Série A,2025,11,2025-06-01,17:00,Juventude,Grêmio,0,2,,,AWAY,,,15,21,,,,,5,7,2,2,0,0,59,41,Brasileirao_Dataset public structured match stats (Adaoduque),https://github.com/adaoduque/Brasileirao_Dataset/blob/master/data/brasileirao-2025.json,https://raw.githubusercontent.com/adaoduque/Brasileirao_Dataset/master/data/brasileirao-2025.json,2026-09-09T16:47:00-03:00,MEDIUM
Brasileirão Série A,2025,11,2025-06-01,17:00,Santos,Botafogo,0,1,,,AWAY,,,15,11,,,,,5,4,3,2,1,0,40,60,Brasileirao_Dataset public structured match stats (Adaoduque),https://github.com/adaoduque/Brasileirao_Dataset/blob/master/data/brasileirao-2025.json,https://raw.githubusercontent.com/adaoduque/Brasileirao_Dataset/master/data/brasileirao-2025.json,2026-09-09T16:47:00-03:00,MEDIUM
Brasileirão Série A,2025,11,2025-06-01,19:30,Ceará,Atlético-MG,0,1,,,AWAY,,,9,12,,,,,8,8,1,3,0,1,45,55,Brasileirao_Dataset public structured match stats (Adaoduque),https://github.com/adaoduque/Brasileirao_Dataset/blob/master/data/brasileirao-2025.json,https://raw.githubusercontent.com/adaoduque/Brasileirao_Dataset/master/data/brasileirao-2025.json,2026-09-09T16:47:00-03:00,MEDIUM
Brasileirão Série A,2025,11,2025-06-01,19:30,Corinthians,Vitória,0,0,,,DRAW,,,10,7,,,,,8,3,2,4,0,0,70,30,Brasileirao_Dataset public structured match stats (Adaoduque),https://github.com/adaoduque/Brasileirao_Dataset/blob/master/data/brasileirao-2025.json,https://raw.githubusercontent.com/adaoduque/Brasileirao_Dataset/master/data/brasileirao-2025.json,2026-09-09T16:47:00-03:00,MEDIUM
Brasileirão Série A,2025,11,2025-06-01,19:30,Flamengo,Fortaleza,5,0,,,HOME,,,12,12,,,,,2,4,1,1,0,0,64,36,Brasileirao_Dataset public structured match stats (Adaoduque),https://github.com/adaoduque/Brasileirao_Dataset/blob/master/data/brasileirao-2025.json,https://raw.githubusercontent.com/adaoduque/Brasileirao_Dataset/master/data/brasileirao-2025.json,2026-09-09T16:47:00-03:00,MEDIUM
Brasileirão Série A,2025,11,2025-06-01,20:30,Cruzeiro,Palmeiras,2,1,,,HOME,,,12,13,,,,,5,13,3,3,0,0,45,55,Brasileirao_Dataset public structured match stats (Adaoduque),https://github.com/adaoduque/Brasileirao_Dataset/blob/master/data/brasileirao-2025.json,https://raw.githubusercontent.com/adaoduque/Brasileirao_Dataset/master/data/brasileirao-2025.json,2026-09-09T16:47:00-03:00,MEDIUM
Brasileirão Série A,2025,11,2025-06-01,21:30,Internacional,Fluminense,0,2,,,AWAY,,,15,8,,,,,9,1,1,0,0,0,48,52,Brasileirao_Dataset public structured match stats (Adaoduque),https://github.com/adaoduque/Brasileirao_Dataset/blob/master/data/brasileirao-2025.json,https://raw.githubusercontent.com/adaoduque/Brasileirao_Dataset/master/data/brasileirao-2025.json,2026-09-09T16:47:00-03:00,MEDIUM
Brasileirão Série A,2025,12,2025-06-12,20:00,Red Bull Bragantino,Bahia,0,3,,,AWAY,,,9,14,,,,,4,1,2,2,1,0,,,Sofascore via leoruy-code/estatisticas,https://github.com/leoruy-code/estatisticas/blob/main/data/matches.csv,https://raw.githubusercontent.com/marcioklipper/brasileirao-bot/main/brasileirao_2025_completo.csv,2026-09-09T16:47:00-03:00,MEDIUM
Brasileirão Série A,2025,12,2025-06-12,20:00,Vitória,Cruzeiro,0,0,,,DRAW,,,8,17,,,,,9,4,2,2,0,1,52,48,CBF + fontes públicas de resultados 2025,https://www.cbf.com.br/futebol-brasileiro/tabelas/campeonato-brasileiro/serie-a/2025/1779?documento=Regulamento,https://github.com/adaoduque/Brasileirao_Dataset/blob/master/data/brasileirao-2025.json,2026-09-09T16:47:00-03:00,HIGH
Brasileirão Série A,2025,12,2025-06-12,20:30,Fortaleza,Santos,2,3,,,AWAY,,,32,7,,,,,15,0,5,3,0,0,58,42,CBF + fontes públicas de resultados 2025,https://www.cbf.com.br/futebol-brasileiro/tabelas/campeonato-brasileiro/serie-a/2025/1779?documento=Regulamento,https://github.com/adaoduque/Brasileirao_Dataset/blob/master/data/brasileirao-2025.json,2026-09-09T16:47:00-03:00,HIGH
Brasileirão Série A,2025,12,2025-06-12,21:00,Grêmio,Corinthians,1,1,,,DRAW,,,18,11,,,,,4,6,2,3,0,0,41,59,CBF + fontes públicas de resultados 2025,https://www.cbf.com.br/futebol-brasileiro/tabelas/campeonato-brasileiro/serie-a/2025/1779?documento=Regulamento,https://github.com/adaoduque/Brasileirao_Dataset/blob/master/data/brasileirao-2025.json,2026-09-09T16:47:00-03:00,HIGH
Brasileirão Série A,2025,12,2025-06-12,22:30,Atlético-MG,Internacional,2,0,,,HOME,,,12,10,,,,,6,5,4,3,0,0,54,46,CBF + fontes públicas de resultados 2025,https://www.cbf.com.br/futebol-brasileiro/tabelas/campeonato-brasileiro/serie-a/2025/1779?documento=Regulamento,https://github.com/adaoduque/Brasileirao_Dataset/blob/master/data/brasileirao-2025.json,2026-09-09T16:47:00-03:00,HIGH
Brasileirão Série A,2025,12,2025-06-12,22:30,São Paulo,Vasco da Gama,1,3,,,AWAY,,,9,12,,,,,4,3,4,2,0,0,49,51,CBF + fontes públicas de resultados 2025,https://www.cbf.com.br/futebol-brasileiro/tabelas/campeonato-brasileiro/serie-a/2025/1779?documento=Regulamento,https://github.com/adaoduque/Brasileirao_Dataset/blob/master/data/brasileirao-2025.json,2026-09-09T16:47:00-03:00,HIGH
Brasileirão Série A,2025,12,2025-09-17,20:30,Botafogo,Mirassol,3,3,,,DRAW,,,13,12,,,,,6,5,4,1,0,0,51,49,CBF + fontes públicas de resultados 2025,https://www.cbf.com.br/futebol-brasileiro/tabelas/campeonato-brasileiro/serie-a/2025/1779?documento=Regulamento,https://github.com/adaoduque/Brasileirao_Dataset/blob/master/data/brasileirao-2025.json,2026-09-09T16:47:00-03:00,HIGH
Brasileirão Série A,2025,12,2025-10-11,20:00,Palmeiras,Juventude,4,1,,,HOME,,,16,6,,,,,6,0,1,2,0,0,62,38,CBF + fontes públicas de resultados 2025,https://www.cbf.com.br/futebol-brasileiro/tabelas/campeonato-brasileiro/serie-a/2025/1779?documento=Regulamento,https://github.com/adaoduque/Brasileirao_Dataset/blob/master/data/brasileirao-2025.json,2026-09-09T16:47:00-03:00,HIGH
Brasileirão Série A,2025,12,2025-10-29,19:00,Fluminense,Ceará,1,0,,,HOME,,,11,6,,,,,9,3,5,2,0,0,60,40,CBF + fontes públicas de resultados 2025,https://www.cbf.com.br/futebol-brasileiro/tabelas/campeonato-brasileiro/serie-a/2025/1779?documento=Regulamento,https://github.com/adaoduque/Brasileirao_Dataset/blob/master/data/brasileirao-2025.json,2026-09-09T16:47:00-03:00,HIGH
Brasileirão Série A,2025,12,2025-11-01,21:00,Flamengo,Sport,3,0,,,HOME,,,,,,,,,,,,,,,,,CBF + fontes públicas de resultados 2025,https://www.cbf.com.br/futebol-brasileiro/tabelas/campeonato-brasileiro/serie-a/2025/1779?documento=Regulamento,https://raw.githubusercontent.com/marcioklipper/brasileirao-bot/main/brasileirao_2025_completo.csv,2026-09-09T16:47:00-03:00,HIGH
Brasileirão Série A,2025,13,2025-07-12,17:30,Flamengo,São Paulo,2,0,,,HOME,,,19,3,,,,,7,1,2,2,0,0,59,41,CBF + fontes públicas de resultados 2025,https://www.cbf.com.br/futebol-brasileiro/tabelas/campeonato-brasileiro/serie-a/2025/1779?documento=Regulamento,https://raw.githubusercontent.com/marcioklipper/brasileirao-bot/main/brasileirao_2025_completo.csv,2026-09-09T16:47:00-03:00,HIGH
Brasileirão Série A,2025,13,2025-07-12,17:30,Internacional,Vitória,1,0,,,HOME,,,18,4,,,,,2,5,2,1,0,0,58,42,CBF + fontes públicas de resultados 2025,https://www.cbf.com.br/futebol-brasileiro/tabelas/campeonato-brasileiro/serie-a/2025/1779?documento=Regulamento,https://raw.githubusercontent.com/marcioklipper/brasileirao-bot/main/brasileirao_2025_completo.csv,2026-09-09T16:47:00-03:00,HIGH
Brasileirão Série A,2025,13,2025-07-12,19:30,Vasco da Gama,Botafogo,0,2,,,AWAY,,,8,18,,,,,5,3,2,2,0,0,63,37,CBF + fontes públicas de resultados 2025,https://www.cbf.com.br/futebol-brasileiro/tabelas/campeonato-brasileiro/serie-a/2025/1779?documento=Regulamento,https://raw.githubusercontent.com/marcioklipper/brasileirao-bot/main/brasileirao_2025_completo.csv,2026-09-09T16:47:00-03:00,HIGH
Brasileirão Série A,2025,13,2025-07-12,22:00,Bahia,Atlético-MG,2,1,,,HOME,,,16,10,,,,,4,7,2,2,0,0,46,54,CBF + fontes públicas de resultados 2025,https://www.cbf.com.br/futebol-brasileiro/tabelas/campeonato-brasileiro/serie-a/2025/1779?documento=Regulamento,https://raw.githubusercontent.com/marcioklipper/brasileirao-bot/main/brasileirao_2025_completo.csv,2026-09-09T16:47:00-03:00,HIGH
Brasileirão Série A,2025,13,2025-07-13,20:00,Corinthians,Red Bull Bragantino,1,2,,,AWAY,,,13,7,,,,,10,2,6,5,0,0,58,42,CBF + fontes públicas de resultados 2025,https://www.cbf.com.br/futebol-brasileiro/tabelas/campeonato-brasileiro/serie-a/2025/1779?documento=Regulamento,https://raw.githubusercontent.com/marcioklipper/brasileirao-bot/main/brasileirao_2025_completo.csv,2026-09-09T16:47:00-03:00,HIGH
Brasileirão Série A,2025,13,2025-07-13,21:30,Cruzeiro,Grêmio,4,1,,,HOME,,,14,9,,,,,6,3,4,2,0,0,56,44,CBF + fontes públicas de resultados 2025,https://www.cbf.com.br/futebol-brasileiro/tabelas/campeonato-brasileiro/serie-a/2025/1779?documento=Regulamento,https://raw.githubusercontent.com/marcioklipper/brasileirao-bot/main/brasileirao_2025_completo.csv,2026-09-09T16:47:00-03:00,HIGH
Brasileirão Série A,2025,13,2025-07-13,21:30,Fortaleza,Ceará,0,1,,,AWAY,,,12,14,,,,,3,5,2,4,0,0,60,40,CBF + fontes públicas de resultados 2025,https://www.cbf.com.br/futebol-brasileiro/tabelas/campeonato-brasileiro/serie-a/2025/1779?documento=Regulamento,https://raw.githubusercontent.com/marcioklipper/brasileirao-bot/main/brasileirao_2025_completo.csv,2026-09-09T16:47:00-03:00,HIGH
Brasileirão Série A,2025,13,2025-07-14,21:00,Juventude,Sport,2,0,,,HOME,,,6,18,,,,,1,8,3,3,0,0,36,64,CBF + fontes públicas de resultados 2025,https://www.cbf.com.br/futebol-brasileiro/tabelas/campeonato-brasileiro/serie-a/2025/1779?documento=Regulamento,https://raw.githubusercontent.com/marcioklipper/brasileirao-bot/main/brasileirao_2025_completo.csv,2026-09-09T16:47:00-03:00,HIGH
Brasileirão Série A,2025,13,2025-10-08,22:00,Mirassol,Fluminense,2,1,,,HOME,,,11,9,,,,,5,5,3,4,0,0,47,53,CBF + fontes públicas de resultados 2025,https://www.cbf.com.br/futebol-brasileiro/tabelas/campeonato-brasileiro/serie-a/2025/1779?documento=Regulamento,https://raw.githubusercontent.com/marcioklipper/brasileirao-bot/main/brasileirao_2025_completo.csv,2026-09-09T16:47:00-03:00,HIGH
Brasileirão Série A,2025,13,2025-11-15,21:00,Santos,Palmeiras,1,0,,,HOME,,,17,13,,,,,8,5,1,1,0,0,55,45,CBF + fontes públicas de resultados 2025,https://www.cbf.com.br/futebol-brasileiro/tabelas/campeonato-brasileiro/serie-a/2025/1779?documento=Regulamento,https://raw.githubusercontent.com/marcioklipper/brasileirao-bot/main/brasileirao_2025_completo.csv,2026-09-09T16:47:00-03:00,HIGH
Brasileirão Série A,2025,14,2025-07-16,20:00,Palmeiras,Mirassol,1,1,,,DRAW,,,18,1,,,,,7,3,1,3,0,0,50,50,CBF + fontes públicas de resultados 2025,https://www.cbf.com.br/futebol-brasileiro/tabelas/campeonato-brasileiro/serie-a/2025/1779?documento=Regulamento,https://raw.githubusercontent.com/marcioklipper/brasileirao-bot/main/brasileirao_2025_completo.csv,2026-09-09T16:47:00-03:00,HIGH
Brasileirão Série A,2025,14,2025-07-16,20:30,Ceará,Corinthians,0,1,,,AWAY,,,14,5,,,,,7,3,3,2,0,0,37,63,CBF + fontes públicas de resultados 2025,https://www.cbf.com.br/futebol-brasileiro/tabelas/campeonato-brasileiro/serie-a/2025/1779?documento=Regulamento,https://raw.githubusercontent.com/marcioklipper/brasileirao-bot/main/brasileirao_2025_completo.csv,2026-09-09T16:47:00-03:00,HIGH
Brasileirão Série A,2025,14,2025-07-16,21:00,Santos,Flamengo,1,0,,,HOME,,,8,9,,,,,3,8,2,3,0,0,26,74,CBF + fontes públicas de resultados 2025,https://www.cbf.com.br/futebol-brasileiro/tabelas/campeonato-brasileiro/serie-a/2025/1779?documento=Regulamento,https://raw.githubusercontent.com/marcioklipper/brasileirao-bot/main/brasileirao_2025_completo.csv,2026-09-09T16:47:00-03:00,HIGH
Brasileirão Série A,2025,14,2025-07-16,22:30,Botafogo,Vitória,0,0,,,DRAW,,,22,7,,,,,6,5,1,5,0,0,66,34,CBF + fontes públicas de resultados 2025,https://www.cbf.com.br/futebol-brasileiro/tabelas/campeonato-brasileiro/serie-a/2025/1779?documento=Regulamento,https://raw.githubusercontent.com/marcioklipper/brasileirao-bot/main/brasileirao_2025_completo.csv,2026-09-09T16:47:00-03:00,HIGH
Brasileirão Série A,2025,14,2025-07-16,22:30,Red Bull Bragantino,São Paulo,2,2,,,DRAW,,,18,13,,,,,6,4,3,0,0,0,46,54,CBF + fontes públicas de resultados 2025,https://www.cbf.com.br/futebol-brasileiro/tabelas/campeonato-brasileiro/serie-a/2025/1779?documento=Regulamento,https://raw.githubusercontent.com/marcioklipper/brasileirao-bot/main/brasileirao_2025_completo.csv,2026-09-09T16:47:00-03:00,HIGH
Brasileirão Série A,2025,14,2025-07-17,20:30,Fluminense,Cruzeiro,0,2,,,AWAY,,,25,8,,,,,7,2,1,2,0,0,67,33,CBF + fontes públicas de resultados 2025,https://www.cbf.com.br/futebol-brasileiro/tabelas/campeonato-brasileiro/serie-a/2025/1779?documento=Regulamento,https://raw.githubusercontent.com/marcioklipper/brasileirao-bot/main/brasileirao_2025_completo.csv,2026-09-09T16:47:00-03:00,HIGH
Brasileirão Série A,2025,14,2025-07-29,21:30,Grêmio,Fortaleza,2,1,,,HOME,,,,,,,,,,,,,,,,,CBF + fontes públicas de resultados 2025,https://www.cbf.com.br/futebol-brasileiro/tabelas/campeonato-brasileiro/serie-a/2025/1779?documento=Regulamento,https://raw.githubusercontent.com/marcioklipper/brasileirao-bot/main/brasileirao_2025_completo.csv,2026-09-09T16:47:00-03:00,HIGH
Brasileirão Série A,2025,14,2025-08-20,20:00,Juventude,Vasco da Gama,2,0,,,HOME,,,10,14,,,,,1,5,2,1,0,0,,,Sofascore via leoruy-code/estatisticas,https://github.com/leoruy-code/estatisticas/blob/main/data/matches.csv,https://raw.githubusercontent.com/marcioklipper/brasileirao-bot/main/brasileirao_2025_completo.csv,2026-09-09T16:47:00-03:00,MEDIUM
Brasileirão Série A,2025,14,2025-10-08,20:00,Atlético-MG,Sport,3,1,,,HOME,,,,,,,,,,,,,,,,,CBF + fontes públicas de resultados 2025,https://www.cbf.com.br/futebol-brasileiro/tabelas/campeonato-brasileiro/serie-a/2025/1779?documento=Regulamento,https://raw.githubusercontent.com/marcioklipper/brasileirao-bot/main/brasileirao_2025_completo.csv,2026-09-09T16:47:00-03:00,HIGH
Brasileirão Série A,2025,14,2025-10-22,20:00,Bahia,Internacional,1,0,,,HOME,,,,,,,,,,,,,,,,,CBF + fontes públicas de resultados 2025,https://www.cbf.com.br/futebol-brasileiro/tabelas/campeonato-brasileiro/serie-a/2025/1779?documento=Regulamento,https://raw.githubusercontent.com/marcioklipper/brasileirao-bot/main/brasileirao_2025_completo.csv,2026-09-09T16:47:00-03:00,HIGH
Brasileirão Série A,2025,15,2025-07-19,17:00,Fortaleza,Bahia,1,1,,,DRAW,,,11,15,,,,,9,3,5,3,0,0,30,70,CBF + fontes públicas de resultados 2025,https://www.cbf.com.br/futebol-brasileiro/tabelas/campeonato-brasileiro/serie-a/2025/1779?documento=Regulamento,https://raw.githubusercontent.com/marcioklipper/brasileirao-bot/main/brasileirao_2025_completo.csv,2026-09-09T16:47:00-03:00,HIGH
Brasileirão Série A,2025,15,2025-07-19,18:30,Vasco da Gama,Grêmio,1,1,,,DRAW,,,27,8,,,,,12,2,2,3,0,0,64,36,CBF + fontes públicas de resultados 2025,https://www.cbf.com.br/futebol-brasileiro/tabelas/campeonato-brasileiro/serie-a/2025/1779?documento=Regulamento,https://raw.githubusercontent.com/marcioklipper/brasileirao-bot/main/brasileirao_2025_completo.csv,2026-09-09T16:47:00-03:00,HIGH
Brasileirão Série A,2025,15,2025-07-19,19:30,Mirassol,Santos,3,0,,,HOME,,,16,8,,,,,9,2,1,1,1,0,45,55,CBF + fontes públicas de resultados 2025,https://www.cbf.com.br/futebol-brasileiro/tabelas/campeonato-brasileiro/serie-a/2025/1779?documento=Regulamento,https://raw.githubusercontent.com/marcioklipper/brasileirao-bot/main/brasileirao_2025_completo.csv,2026-09-09T16:47:00-03:00,HIGH
Brasileirão Série A,2025,15,2025-07-19,22:00,São Paulo,Corinthians,2,0,,,HOME,,,14,9,,,,,6,5,2,2,0,0,53,47,CBF + fontes públicas de resultados 2025,https://www.cbf.com.br/futebol-brasileiro/tabelas/campeonato-brasileiro/serie-a/2025/1779?documento=Regulamento,https://raw.githubusercontent.com/marcioklipper/brasileirao-bot/main/brasileirao_2025_completo.csv,2026-09-09T16:47:00-03:00,HIGH
Brasileirão Série A,2025,15,2025-07-20,12:00,Internacional,Ceará,1,0,,,HOME,,,9,12,,,,,7,5,1,2,0,0,47,53,CBF + fontes públicas de resultados 2025,https://www.cbf.com.br/futebol-brasileiro/tabelas/campeonato-brasileiro/serie-a/2025/1779?documento=Regulamento,https://raw.githubusercontent.com/marcioklipper/brasileirao-bot/main/brasileirao_2025_completo.csv,2026-09-09T16:47:00-03:00,HIGH
Brasileirão Série A,2025,15,2025-07-20,17:00,Cruzeiro,Juventude,4,0,,,HOME,,,12,4,,,,,8,3,1,2,0,0,48,52,CBF + fontes públicas de resultados 2025,https://www.cbf.com.br/futebol-brasileiro/tabelas/campeonato-brasileiro/serie-a/2025/1779?documento=Regulamento,https://raw.githubusercontent.com/marcioklipper/brasileirao-bot/main/brasileirao_2025_completo.csv,2026-09-09T16:47:00-03:00,HIGH
Brasileirão Série A,2025,15,2025-07-20,17:00,Vitória,Red Bull Bragantino,1,0,,,HOME,,,7,16,,,,,2,5,3,2,0,0,35,65,CBF + fontes públicas de resultados 2025,https://www.cbf.com.br/futebol-brasileiro/tabelas/campeonato-brasileiro/serie-a/2025/1779?documento=Regulamento,https://raw.githubusercontent.com/marcioklipper/brasileirao-bot/main/brasileirao_2025_completo.csv,2026-09-09T16:47:00-03:00,HIGH
Brasileirão Série A,2025,15,2025-07-20,18:30,Palmeiras,Atlético-MG,3,2,,,HOME,,,16,6,,,,,9,0,2,3,0,0,60,40,CBF + fontes públicas de resultados 2025,https://www.cbf.com.br/futebol-brasileiro/tabelas/campeonato-brasileiro/serie-a/2025/1779?documento=Regulamento,https://raw.githubusercontent.com/marcioklipper/brasileirao-bot/main/brasileirao_2025_completo.csv,2026-09-09T16:47:00-03:00,HIGH
Brasileirão Série A,2025,15,2025-07-20,18:30,Sport,Botafogo,0,1,,,AWAY,,,12,13,,,,,6,4,1,2,0,0,42,58,CBF + fontes públicas de resultados 2025,https://www.cbf.com.br/futebol-brasileiro/tabelas/campeonato-brasileiro/serie-a/2025/1779?documento=Regulamento,https://raw.githubusercontent.com/marcioklipper/brasileirao-bot/main/brasileirao_2025_completo.csv,2026-09-09T16:47:00-03:00,HIGH
Brasileirão Série A,2025,15,2025-07-20,20:30,Flamengo,Fluminense,1,0,,,HOME,,,9,6,,,,,8,3,3,1,0,0,68,32,CBF + fontes públicas de resultados 2025,https://www.cbf.com.br/futebol-brasileiro/tabelas/campeonato-brasileiro/serie-a/2025/1779?documento=Regulamento,https://raw.githubusercontent.com/marcioklipper/brasileirao-bot/main/brasileirao_2025_completo.csv,2026-09-09T16:47:00-03:00,HIGH
Brasileirão Série A,2025,16,2025-07-23,20:00,Ceará,Mirassol,0,2,,,AWAY,,,,,,,,,,,,,,,,,CBF + fontes públicas de resultados 2025,https://www.cbf.com.br/futebol-brasileiro/tabelas/campeonato-brasileiro/serie-a/2025/1779?documento=Regulamento,https://raw.githubusercontent.com/marcioklipper/brasileirao-bot/main/brasileirao_2025_completo.csv,2026-09-09T16:47:00-03:00,HIGH
Brasileirão Série A,2025,16,2025-07-23,20:00,Fluminense,Palmeiras,1,2,,,AWAY,,,,,,,,,,,,,,,,,CBF + fontes públicas de resultados 2025,https://www.cbf.com.br/futebol-brasileiro/tabelas/campeonato-brasileiro/serie-a/2025/1779?documento=Regulamento,https://raw.githubusercontent.com/marcioklipper/brasileirao-bot/main/brasileirao_2025_completo.csv,2026-09-09T16:47:00-03:00,HIGH
Brasileirão Série A,2025,16,2025-07-23,20:30,Corinthians,Cruzeiro,0,0,,,DRAW,,,,,,,,,,,,,,,,,CBF + fontes públicas de resultados 2025,https://www.cbf.com.br/futebol-brasileiro/tabelas/campeonato-brasileiro/serie-a/2025/1779?documento=Regulamento,https://raw.githubusercontent.com/marcioklipper/brasileirao-bot/main/brasileirao_2025_completo.csv,2026-09-09T16:47:00-03:00,HIGH
Brasileirão Série A,2025,16,2025-07-23,22:30,Red Bull Bragantino,Flamengo,1,2,,,AWAY,,,,,,,,,,,,,,,,,CBF + fontes públicas de resultados 2025,https://www.cbf.com.br/futebol-brasileiro/tabelas/campeonato-brasileiro/serie-a/2025/1779?documento=Regulamento,https://raw.githubusercontent.com/marcioklipper/brasileirao-bot/main/brasileirao_2025_completo.csv,2026-09-09T16:47:00-03:00,HIGH
Brasileirão Série A,2025,16,2025-07-23,22:30,Santos,Internacional,1,2,,,AWAY,,,,,,,,,,,,,,,,,CBF + fontes públicas de resultados 2025,https://www.cbf.com.br/futebol-brasileiro/tabelas/campeonato-brasileiro/serie-a/2025/1779?documento=Regulamento,https://raw.githubusercontent.com/marcioklipper/brasileirao-bot/main/brasileirao_2025_completo.csv,2026-09-09T16:47:00-03:00,HIGH
Brasileirão Série A,2025,16,2025-07-23,22:30,Vitória,Sport,2,2,,,DRAW,,,,,,,,,,,,,,,,,CBF + fontes públicas de resultados 2025,https://www.cbf.com.br/futebol-brasileiro/tabelas/campeonato-brasileiro/serie-a/2025/1779?documento=Regulamento,https://raw.githubusercontent.com/marcioklipper/brasileirao-bot/main/brasileirao_2025_completo.csv,2026-09-09T16:47:00-03:00,HIGH
Brasileirão Série A,2025,16,2025-07-24,20:00,Juventude,São Paulo,0,1,,,AWAY,,,,,,,,,,,,,,,,,CBF + fontes públicas de resultados 2025,https://www.cbf.com.br/futebol-brasileiro/tabelas/campeonato-brasileiro/serie-a/2025/1779?documento=Regulamento,https://raw.githubusercontent.com/marcioklipper/brasileirao-bot/main/brasileirao_2025_completo.csv,2026-09-09T16:47:00-03:00,HIGH
Brasileirão Série A,2025,16,2025-09-24,20:30,Grêmio,Botafogo,1,1,,,DRAW,,,,,,,,,,,,,,,,,CBF + fontes públicas de resultados 2025,https://www.cbf.com.br/futebol-brasileiro/tabelas/campeonato-brasileiro/serie-a/2025/1779?documento=Regulamento,https://raw.githubusercontent.com/marcioklipper/brasileirao-bot/main/brasileirao_2025_completo.csv,2026-09-09T16:47:00-03:00,HIGH
Brasileirão Série A,2025,16,2025-09-24,20:30,Vasco da Gama,Bahia,3,1,,,HOME,,,,,,,,,,,,,,,,,CBF + fontes públicas de resultados 2025,https://www.cbf.com.br/futebol-brasileiro/tabelas/campeonato-brasileiro/serie-a/2025/1779?documento=Regulamento,https://raw.githubusercontent.com/marcioklipper/brasileirao-bot/main/brasileirao_2025_completo.csv,2026-09-09T16:47:00-03:00,HIGH
Brasileirão Série A,2025,16,2025-11-12,20:30,Atlético-MG,Fortaleza,3,3,,,DRAW,,,,,,,,,,,,,,,,,CBF + fontes públicas de resultados 2025,https://www.cbf.com.br/futebol-brasileiro/tabelas/campeonato-brasileiro/serie-a/2025/1779?documento=Regulamento,https://raw.githubusercontent.com/marcioklipper/brasileirao-bot/main/brasileirao_2025_completo.csv,2026-09-09T16:47:00-03:00,HIGH
Brasileirão Série A,2025,17,2025-07-26,19:30,Botafogo,Corinthians,1,1,,,DRAW,,,,,,,,,,,,,,,,,CBF + fontes públicas de resultados 2025,https://www.cbf.com.br/futebol-brasileiro/tabelas/campeonato-brasileiro/serie-a/2025/1779?documento=Regulamento,https://raw.githubusercontent.com/marcioklipper/brasileirao-bot/main/brasileirao_2025_completo.csv,2026-09-09T16:47:00-03:00,HIGH
Brasileirão Série A,2025,17,2025-07-26,19:30,Fortaleza,Red Bull Bragantino,3,1,,,HOME,,,,,,,,,,,,,,,,,CBF + fontes públicas de resultados 2025,https://www.cbf.com.br/futebol-brasileiro/tabelas/campeonato-brasileiro/serie-a/2025/1779?documento=Regulamento,https://raw.githubusercontent.com/marcioklipper/brasileirao-bot/main/brasileirao_2025_completo.csv,2026-09-09T16:47:00-03:00,HIGH
Brasileirão Série A,2025,17,2025-07-26,19:30,Mirassol,Vitória,1,1,,,DRAW,,,,,,,,,,,,,,,,,CBF + fontes públicas de resultados 2025,https://www.cbf.com.br/futebol-brasileiro/tabelas/campeonato-brasileiro/serie-a/2025/1779?documento=Regulamento,https://raw.githubusercontent.com/marcioklipper/brasileirao-bot/main/brasileirao_2025_completo.csv,2026-09-09T16:47:00-03:00,HIGH
Brasileirão Série A,2025,17,2025-07-26,19:30,Sport,Santos,2,2,,,DRAW,,,,,,,,,,,,,,,,,CBF + fontes públicas de resultados 2025,https://www.cbf.com.br/futebol-brasileiro/tabelas/campeonato-brasileiro/serie-a/2025/1779?documento=Regulamento,https://raw.githubusercontent.com/marcioklipper/brasileirao-bot/main/brasileirao_2025_completo.csv,2026-09-09T16:47:00-03:00,HIGH
Brasileirão Série A,2025,17,2025-07-26,22:00,Palmeiras,Grêmio,1,0,,,HOME,,,,,,,,,,,,,,,,,CBF + fontes públicas de resultados 2025,https://www.cbf.com.br/futebol-brasileiro/tabelas/campeonato-brasileiro/serie-a/2025/1779?documento=Regulamento,https://raw.githubusercontent.com/marcioklipper/brasileirao-bot/main/brasileirao_2025_completo.csv,2026-09-09T16:47:00-03:00,HIGH
Brasileirão Série A,2025,17,2025-07-27,17:00,Cruzeiro,Ceará,1,2,,,AWAY,,,,,,,,,,,,,,,,,CBF + fontes públicas de resultados 2025,https://www.cbf.com.br/futebol-brasileiro/tabelas/campeonato-brasileiro/serie-a/2025/1779?documento=Regulamento,https://raw.githubusercontent.com/marcioklipper/brasileirao-bot/main/brasileirao_2025_completo.csv,2026-09-09T16:47:00-03:00,HIGH
Brasileirão Série A,2025,17,2025-07-27,17:00,São Paulo,Fluminense,3,1,,,HOME,,,,,,,,,,,,,,,,,CBF + fontes públicas de resultados 2025,https://www.cbf.com.br/futebol-brasileiro/tabelas/campeonato-brasileiro/serie-a/2025/1779?documento=Regulamento,https://raw.githubusercontent.com/marcioklipper/brasileirao-bot/main/brasileirao_2025_completo.csv,2026-09-09T16:47:00-03:00,HIGH
Brasileirão Série A,2025,17,2025-07-27,19:30,Bahia,Juventude,3,0,,,HOME,,,,,,,,,,,,,,,,,CBF + fontes públicas de resultados 2025,https://www.cbf.com.br/futebol-brasileiro/tabelas/campeonato-brasileiro/serie-a/2025/1779?documento=Regulamento,https://raw.githubusercontent.com/marcioklipper/brasileirao-bot/main/brasileirao_2025_completo.csv,2026-09-09T16:47:00-03:00,HIGH
Brasileirão Série A,2025,17,2025-07-27,19:30,Internacional,Vasco da Gama,1,1,,,DRAW,,,,,,,,,,,,,,,,,CBF + fontes públicas de resultados 2025,https://www.cbf.com.br/futebol-brasileiro/tabelas/campeonato-brasileiro/serie-a/2025/1779?documento=Regulamento,https://raw.githubusercontent.com/marcioklipper/brasileirao-bot/main/brasileirao_2025_completo.csv,2026-09-09T16:47:00-03:00,HIGH
Brasileirão Série A,2025,17,2025-07-27,21:30,Flamengo,Atlético-MG,1,0,,,HOME,,,,,,,,,,,,,,,,,CBF + fontes públicas de resultados 2025,https://www.cbf.com.br/futebol-brasileiro/tabelas/campeonato-brasileiro/serie-a/2025/1779?documento=Regulamento,https://raw.githubusercontent.com/marcioklipper/brasileirao-bot/main/brasileirao_2025_completo.csv,2026-09-09T16:47:00-03:00,HIGH
Brasileirão Série A,2025,18,2025-08-02,17:00,Sport,Bahia,0,0,,,DRAW,,,,,,,,,,,,,,,,,CBF + fontes públicas de resultados 2025,https://www.cbf.com.br/futebol-brasileiro/tabelas/campeonato-brasileiro/serie-a/2025/1779?documento=Regulamento,https://raw.githubusercontent.com/marcioklipper/brasileirao-bot/main/brasileirao_2025_completo.csv,2026-09-09T16:47:00-03:00,HIGH
Brasileirão Série A,2025,18,2025-08-02,19:30,Mirassol,Vasco da Gama,3,2,,,HOME,,,,,,,,,,,,,,,,,CBF + fontes públicas de resultados 2025,https://www.cbf.com.br/futebol-brasileiro/tabelas/campeonato-brasileiro/serie-a/2025/1779?documento=Regulamento,https://raw.githubusercontent.com/marcioklipper/brasileirao-bot/main/brasileirao_2025_completo.csv,2026-09-09T16:47:00-03:00,HIGH
Brasileirão Série A,2025,18,2025-08-02,22:00,Fluminense,Grêmio,1,0,,,HOME,,,,,,,,,,,,,,,,,CBF + fontes públicas de resultados 2025,https://www.cbf.com.br/futebol-brasileiro/tabelas/campeonato-brasileiro/serie-a/2025/1779?documento=Regulamento,https://raw.githubusercontent.com/marcioklipper/brasileirao-bot/main/brasileirao_2025_completo.csv,2026-09-09T16:47:00-03:00,HIGH
Brasileirão Série A,2025,18,2025-08-03,17:00,Botafogo,Cruzeiro,0,2,,,AWAY,,,,,,,,,,,,,,,,,CBF + fontes públicas de resultados 2025,https://www.cbf.com.br/futebol-brasileiro/tabelas/campeonato-brasileiro/serie-a/2025/1779?documento=Regulamento,https://raw.githubusercontent.com/marcioklipper/brasileirao-bot/main/brasileirao_2025_completo.csv,2026-09-09T16:47:00-03:00,HIGH
Brasileirão Série A,2025,18,2025-08-03,17:00,Corinthians,Fortaleza,1,1,,,DRAW,,,,,,,,,,,,,,,,,CBF + fontes públicas de resultados 2025,https://www.cbf.com.br/futebol-brasileiro/tabelas/campeonato-brasileiro/serie-a/2025/1779?documento=Regulamento,https://raw.githubusercontent.com/marcioklipper/brasileirao-bot/main/brasileirao_2025_completo.csv,2026-09-09T16:47:00-03:00,HIGH
Brasileirão Série A,2025,18,2025-08-03,19:30,Atlético-MG,Red Bull Bragantino,2,1,,,HOME,,,,,,,,,,,,,,,,,CBF + fontes públicas de resultados 2025,https://www.cbf.com.br/futebol-brasileiro/tabelas/campeonato-brasileiro/serie-a/2025/1779?documento=Regulamento,https://raw.githubusercontent.com/marcioklipper/brasileirao-bot/main/brasileirao_2025_completo.csv,2026-09-09T16:47:00-03:00,HIGH
Brasileirão Série A,2025,18,2025-08-03,19:30,Ceará,Flamengo,1,1,,,DRAW,,,,,,,,,,,,,,,,,CBF + fontes públicas de resultados 2025,https://www.cbf.com.br/futebol-brasileiro/tabelas/campeonato-brasileiro/serie-a/2025/1779?documento=Regulamento,https://raw.githubusercontent.com/marcioklipper/brasileirao-bot/main/brasileirao_2025_completo.csv,2026-09-09T16:47:00-03:00,HIGH
Brasileirão Série A,2025,18,2025-08-03,20:30,Vitória,Palmeiras,2,2,,,DRAW,,,,,,,,,,,,,,,,,CBF + fontes públicas de resultados 2025,https://www.cbf.com.br/futebol-brasileiro/tabelas/campeonato-brasileiro/serie-a/2025/1779?documento=Regulamento,https://raw.githubusercontent.com/marcioklipper/brasileirao-bot/main/brasileirao_2025_completo.csv,2026-09-09T16:47:00-03:00,HIGH
Brasileirão Série A,2025,18,2025-08-03,21:30,Internacional,São Paulo,1,2,,,AWAY,,,,,,,,,,,,,,,,,CBF + fontes públicas de resultados 2025,https://www.cbf.com.br/futebol-brasileiro/tabelas/campeonato-brasileiro/serie-a/2025/1779?documento=Regulamento,https://raw.githubusercontent.com/marcioklipper/brasileirao-bot/main/brasileirao_2025_completo.csv,2026-09-09T16:47:00-03:00,HIGH
Brasileirão Série A,2025,18,2025-08-04,21:00,Santos,Juventude,3,1,,,HOME,,,,,,,,,,,,,,,,,CBF + fontes públicas de resultados 2025,https://www.cbf.com.br/futebol-brasileiro/tabelas/campeonato-brasileiro/serie-a/2025/1779?documento=Regulamento,https://raw.githubusercontent.com/marcioklipper/brasileirao-bot/main/brasileirao_2025_completo.csv,2026-09-09T16:47:00-03:00,HIGH
Brasileirão Série A,2025,19,2025-08-09,19:30,Flamengo,Mirassol,2,1,,,HOME,,,,,,,,,,,,,,,,,CBF + fontes públicas de resultados 2025,https://www.cbf.com.br/futebol-brasileiro/tabelas/campeonato-brasileiro/serie-a/2025/1779?documento=Regulamento,https://raw.githubusercontent.com/marcioklipper/brasileirao-bot/main/brasileirao_2025_completo.csv,2026-09-09T16:47:00-03:00,HIGH
Brasileirão Série A,2025,19,2025-08-09,19:30,Red Bull Bragantino,Internacional,1,3,,,AWAY,,,,,,,,,,,,,,,,,CBF + fontes públicas de resultados 2025,https://www.cbf.com.br/futebol-brasileiro/tabelas/campeonato-brasileiro/serie-a/2025/1779?documento=Regulamento,https://raw.githubusercontent.com/marcioklipper/brasileirao-bot/main/brasileirao_2025_completo.csv,2026-09-09T16:47:00-03:00,HIGH
Brasileirão Série A,2025,19,2025-08-09,19:30,São Paulo,Vitória,2,0,,,HOME,,,,,,,,,,,,,,,,,CBF + fontes públicas de resultados 2025,https://www.cbf.com.br/futebol-brasileiro/tabelas/campeonato-brasileiro/serie-a/2025/1779?documento=Regulamento,https://raw.githubusercontent.com/marcioklipper/brasileirao-bot/main/brasileirao_2025_completo.csv,2026-09-09T16:47:00-03:00,HIGH
Brasileirão Série A,2025,19,2025-08-09,21:30,Fortaleza,Botafogo,0,5,,,AWAY,,,,,,,,,,,,,,,,,CBF + fontes públicas de resultados 2025,https://www.cbf.com.br/futebol-brasileiro/tabelas/campeonato-brasileiro/serie-a/2025/1779?documento=Regulamento,https://raw.githubusercontent.com/marcioklipper/brasileirao-bot/main/brasileirao_2025_completo.csv,2026-09-09T16:47:00-03:00,HIGH
Brasileirão Série A,2025,19,2025-08-09,22:00,Bahia,Fluminense,3,3,,,DRAW,,,,,,,,,,,,,,,,,CBF + fontes públicas de resultados 2025,https://www.cbf.com.br/futebol-brasileiro/tabelas/campeonato-brasileiro/serie-a/2025/1779?documento=Regulamento,https://raw.githubusercontent.com/marcioklipper/brasileirao-bot/main/brasileirao_2025_completo.csv,2026-09-09T16:47:00-03:00,HIGH
Brasileirão Série A,2025,19,2025-08-10,17:00,Palmeiras,Ceará,2,1,,,HOME,,,,,,,,,,,,,,,,,CBF + fontes públicas de resultados 2025,https://www.cbf.com.br/futebol-brasileiro/tabelas/campeonato-brasileiro/serie-a/2025/1779?documento=Regulamento,https://raw.githubusercontent.com/marcioklipper/brasileirao-bot/main/brasileirao_2025_completo.csv,2026-09-09T16:47:00-03:00,HIGH
Brasileirão Série A,2025,19,2025-08-10,17:00,Vasco da Gama,Atlético-MG,1,1,,,DRAW,,,,,,,,,,,,,,,,,CBF + fontes públicas de resultados 2025,https://www.cbf.com.br/futebol-brasileiro/tabelas/campeonato-brasileiro/serie-a/2025/1779?documento=Regulamento,https://raw.githubusercontent.com/marcioklipper/brasileirao-bot/main/brasileirao_2025_completo.csv,2026-09-09T16:47:00-03:00,HIGH
Brasileirão Série A,2025,19,2025-08-10,19:30,Cruzeiro,Santos,1,2,,,AWAY,,,,,,,,,,,,,,,,,CBF + fontes públicas de resultados 2025,https://www.cbf.com.br/futebol-brasileiro/tabelas/campeonato-brasileiro/serie-a/2025/1779?documento=Regulamento,https://raw.githubusercontent.com/marcioklipper/brasileirao-bot/main/brasileirao_2025_completo.csv,2026-09-09T16:47:00-03:00,HIGH
Brasileirão Série A,2025,19,2025-08-10,21:30,Grêmio,Sport,0,1,,,AWAY,,,,,,,,,,,,,,,,,CBF + fontes públicas de resultados 2025,https://www.cbf.com.br/futebol-brasileiro/tabelas/campeonato-brasileiro/serie-a/2025/1779?documento=Regulamento,https://raw.githubusercontent.com/marcioklipper/brasileirao-bot/main/brasileirao_2025_completo.csv,2026-09-09T16:47:00-03:00,HIGH
Brasileirão Série A,2025,19,2025-08-11,21:00,Juventude,Corinthians,2,1,,,HOME,,,,,,,,,,,,,,,,,CBF + fontes públicas de resultados 2025,https://www.cbf.com.br/futebol-brasileiro/tabelas/campeonato-brasileiro/serie-a/2025/1779?documento=Regulamento,https://raw.githubusercontent.com/marcioklipper/brasileirao-bot/main/brasileirao_2025_completo.csv,2026-09-09T16:47:00-03:00,HIGH
Brasileirão Série A,2025,20,2025-08-16,17:00,Ceará,Red Bull Bragantino,1,0,,,HOME,,,,,,,,,,,,,,,,,CBF + fontes públicas de resultados 2025,https://www.cbf.com.br/futebol-brasileiro/tabelas/campeonato-brasileiro/serie-a/2025/1779?documento=Regulamento,https://raw.githubusercontent.com/marcioklipper/brasileirao-bot/main/brasileirao_2025_completo.csv,2026-09-09T16:47:00-03:00,HIGH
Brasileirão Série A,2025,20,2025-08-16,17:00,Fluminense,Fortaleza,2,1,,,HOME,,,,,,,,,,,,,,,,,CBF + fontes públicas de resultados 2025,https://www.cbf.com.br/futebol-brasileiro/tabelas/campeonato-brasileiro/serie-a/2025/1779?documento=Regulamento,https://raw.githubusercontent.com/marcioklipper/brasileirao-bot/main/brasileirao_2025_completo.csv,2026-09-09T16:47:00-03:00,HIGH
Brasileirão Série A,2025,20,2025-08-16,19:30,Sport,São Paulo,2,2,,,DRAW,,,,,,,,,,,,,,,,,CBF + fontes públicas de resultados 2025,https://www.cbf.com.br/futebol-brasileiro/tabelas/campeonato-brasileiro/serie-a/2025/1779?documento=Regulamento,https://raw.githubusercontent.com/marcioklipper/brasileirao-bot/main/brasileirao_2025_completo.csv,2026-09-09T16:47:00-03:00,HIGH
Brasileirão Série A,2025,20,2025-08-16,19:30,Vitória,Juventude,2,2,,,DRAW,,,,,,,,,,,,,,,,,CBF + fontes públicas de resultados 2025,https://www.cbf.com.br/futebol-brasileiro/tabelas/campeonato-brasileiro/serie-a/2025/1779?documento=Regulamento,https://raw.githubusercontent.com/marcioklipper/brasileirao-bot/main/brasileirao_2025_completo.csv,2026-09-09T16:47:00-03:00,HIGH
Brasileirão Série A,2025,20,2025-08-16,22:00,Corinthians,Bahia,1,2,,,AWAY,,,,,,,,,,,,,,,,,CBF + fontes públicas de resultados 2025,https://www.cbf.com.br/futebol-brasileiro/tabelas/campeonato-brasileiro/serie-a/2025/1779?documento=Regulamento,https://raw.githubusercontent.com/marcioklipper/brasileirao-bot/main/brasileirao_2025_completo.csv,2026-09-09T16:47:00-03:00,HIGH
Brasileirão Série A,2025,20,2025-08-17,17:00,Atlético-MG,Grêmio,1,3,,,AWAY,,,,,,,,,,,,,,,,,CBF + fontes públicas de resultados 2025,https://www.cbf.com.br/futebol-brasileiro/tabelas/campeonato-brasileiro/serie-a/2025/1779?documento=Regulamento,https://raw.githubusercontent.com/marcioklipper/brasileirao-bot/main/brasileirao_2025_completo.csv,2026-09-09T16:47:00-03:00,HIGH
Brasileirão Série A,2025,20,2025-08-17,17:00,Santos,Vasco da Gama,0,6,,,AWAY,,,,,,,,,,,,,,,,,CBF + fontes públicas de resultados 2025,https://www.cbf.com.br/futebol-brasileiro/tabelas/campeonato-brasileiro/serie-a/2025/1779?documento=Regulamento,https://raw.githubusercontent.com/marcioklipper/brasileirao-bot/main/brasileirao_2025_completo.csv,2026-09-09T16:47:00-03:00,HIGH
Brasileirão Série A,2025,20,2025-08-17,19:30,Internacional,Flamengo,1,3,,,AWAY,,,,,,,,,,,,,,,,,CBF + fontes públicas de resultados 2025,https://www.cbf.com.br/futebol-brasileiro/tabelas/campeonato-brasileiro/serie-a/2025/1779?documento=Regulamento,https://raw.githubusercontent.com/marcioklipper/brasileirao-bot/main/brasileirao_2025_completo.csv,2026-09-09T16:47:00-03:00,HIGH
Brasileirão Série A,2025,20,2025-08-17,21:30,Botafogo,Palmeiras,0,1,,,AWAY,,,,,,,,,,,,,,,,,CBF + fontes públicas de resultados 2025,https://www.cbf.com.br/futebol-brasileiro/tabelas/campeonato-brasileiro/serie-a/2025/1779?documento=Regulamento,https://raw.githubusercontent.com/marcioklipper/brasileirao-bot/main/brasileirao_2025_completo.csv,2026-09-09T16:47:00-03:00,HIGH
Brasileirão Série A,2025,20,2025-08-18,21:00,Mirassol,Cruzeiro,1,1,,,DRAW,,,,,,,,,,,,,,,,,CBF + fontes públicas de resultados 2025,https://www.cbf.com.br/futebol-brasileiro/tabelas/campeonato-brasileiro/serie-a/2025/1779?documento=Regulamento,https://raw.githubusercontent.com/marcioklipper/brasileirao-bot/main/brasileirao_2025_completo.csv,2026-09-09T16:47:00-03:00,HIGH
Brasileirão Série A,2025,21,2025-08-23,17:00,Red Bull Bragantino,Fluminense,4,2,,,HOME,,,,,,,,,,,,,,,,,CBF + fontes públicas de resultados 2025,https://www.cbf.com.br/futebol-brasileiro/tabelas/campeonato-brasileiro/serie-a/2025/1779?documento=Regulamento,https://raw.githubusercontent.com/marcioklipper/brasileirao-bot/main/brasileirao_2025_completo.csv,2026-09-09T16:47:00-03:00,HIGH
Brasileirão Série A,2025,21,2025-08-23,19:30,Cruzeiro,Internacional,2,1,,,HOME,,,,,,,,,,,,,,,,,CBF + fontes públicas de resultados 2025,https://www.cbf.com.br/futebol-brasileiro/tabelas/campeonato-brasileiro/serie-a/2025/1779?documento=Regulamento,https://raw.githubusercontent.com/marcioklipper/brasileirao-bot/main/brasileirao_2025_completo.csv,2026-09-09T16:47:00-03:00,HIGH
Brasileirão Série A,2025,21,2025-08-23,22:00,Grêmio,Ceará,0,0,,,DRAW,,,,,,,,,,,,,,,,,CBF + fontes públicas de resultados 2025,https://www.cbf.com.br/futebol-brasileiro/tabelas/campeonato-brasileiro/serie-a/2025/1779?documento=Regulamento,https://raw.githubusercontent.com/marcioklipper/brasileirao-bot/main/brasileirao_2025_completo.csv,2026-09-09T16:47:00-03:00,HIGH
Brasileirão Série A,2025,21,2025-08-24,17:00,Bahia,Santos,2,0,,,HOME,,,12,8,,,,,3,0,2,1,0,0,,,Sofascore via leoruy-code/estatisticas,https://github.com/leoruy-code/estatisticas/blob/main/data/matches.csv,https://raw.githubusercontent.com/marcioklipper/brasileirao-bot/main/brasileirao_2025_completo.csv,2026-09-09T16:47:00-03:00,MEDIUM
Brasileirão Série A,2025,21,2025-08-24,17:00,Vasco da Gama,Corinthians,2,3,,,AWAY,,,,,,,,,,,,,,,,,CBF + fontes públicas de resultados 2025,https://www.cbf.com.br/futebol-brasileiro/tabelas/campeonato-brasileiro/serie-a/2025/1779?documento=Regulamento,https://raw.githubusercontent.com/marcioklipper/brasileirao-bot/main/brasileirao_2025_completo.csv,2026-09-09T16:47:00-03:00,HIGH
Brasileirão Série A,2025,21,2025-08-24,19:30,Fortaleza,Mirassol,0,1,,,AWAY,,,,,,,,,,,,,,,,,CBF + fontes públicas de resultados 2025,https://www.cbf.com.br/futebol-brasileiro/tabelas/campeonato-brasileiro/serie-a/2025/1779?documento=Regulamento,https://raw.githubusercontent.com/marcioklipper/brasileirao-bot/main/brasileirao_2025_completo.csv,2026-09-09T16:47:00-03:00,HIGH
Brasileirão Série A,2025,21,2025-08-24,19:30,Juventude,Botafogo,1,3,,,AWAY,,,,,,,,,,,,,,,,,CBF + fontes públicas de resultados 2025,https://www.cbf.com.br/futebol-brasileiro/tabelas/campeonato-brasileiro/serie-a/2025/1779?documento=Regulamento,https://raw.githubusercontent.com/marcioklipper/brasileirao-bot/main/brasileirao_2025_completo.csv,2026-09-09T16:47:00-03:00,HIGH
Brasileirão Série A,2025,21,2025-08-24,21:30,São Paulo,Atlético-MG,2,0,,,HOME,,,,,,,,,,,,,,,,,CBF + fontes públicas de resultados 2025,https://www.cbf.com.br/futebol-brasileiro/tabelas/campeonato-brasileiro/serie-a/2025/1779?documento=Regulamento,https://raw.githubusercontent.com/marcioklipper/brasileirao-bot/main/brasileirao_2025_completo.csv,2026-09-09T16:47:00-03:00,HIGH
Brasileirão Série A,2025,21,2025-08-25,20:00,Palmeiras,Sport,3,0,,,HOME,,,,,,,,,,,,,,,,,CBF + fontes públicas de resultados 2025,https://www.cbf.com.br/futebol-brasileiro/tabelas/campeonato-brasileiro/serie-a/2025/1779?documento=Regulamento,https://raw.githubusercontent.com/marcioklipper/brasileirao-bot/main/brasileirao_2025_completo.csv,2026-09-09T16:47:00-03:00,HIGH
Brasileirão Série A,2025,21,2025-08-25,22:00,Flamengo,Vitória,8,0,,,HOME,,,,,,,,,,,,,,,,,CBF + fontes públicas de resultados 2025,https://www.cbf.com.br/futebol-brasileiro/tabelas/campeonato-brasileiro/serie-a/2025/1779?documento=Regulamento,https://raw.githubusercontent.com/marcioklipper/brasileirao-bot/main/brasileirao_2025_completo.csv,2026-09-09T16:47:00-03:00,HIGH
Brasileirão Série A,2025,22,2025-08-30,17:00,Ceará,Juventude,0,1,,,AWAY,,,13,10,,,,,4,5,0,6,0,0,,,Sofascore via leoruy-code/estatisticas,https://github.com/leoruy-code/estatisticas/blob/main/data/matches.csv,https://raw.githubusercontent.com/marcioklipper/brasileirao-bot/main/brasileirao_2025_completo.csv,2026-09-09T16:47:00-03:00,MEDIUM
Brasileirão Série A,2025,22,2025-08-30,19:30,Botafogo,Red Bull Bragantino,4,1,,,HOME,,,,,,,,,,,,,,,,,CBF + fontes públicas de resultados 2025,https://www.cbf.com.br/futebol-brasileiro/tabelas/campeonato-brasileiro/serie-a/2025/1779?documento=Regulamento,https://raw.githubusercontent.com/marcioklipper/brasileirao-bot/main/brasileirao_2025_completo.csv,2026-09-09T16:47:00-03:00,HIGH
Brasileirão Série A,2025,22,2025-08-30,22:00,Cruzeiro,São Paulo,1,0,,,HOME,,,,,,,,,,,,,,,,,CBF + fontes públicas de resultados 2025,https://www.cbf.com.br/futebol-brasileiro/tabelas/campeonato-brasileiro/serie-a/2025/1779?documento=Regulamento,https://raw.githubusercontent.com/marcioklipper/brasileirao-bot/main/brasileirao_2025_completo.csv,2026-09-09T16:47:00-03:00,HIGH
Brasileirão Série A,2025,22,2025-08-31,17:00,Flamengo,Grêmio,1,1,,,DRAW,,,,,,,,,,,,,,,,,CBF + fontes públicas de resultados 2025,https://www.cbf.com.br/futebol-brasileiro/tabelas/campeonato-brasileiro/serie-a/2025/1779?documento=Regulamento,https://raw.githubusercontent.com/marcioklipper/brasileirao-bot/main/brasileirao_2025_completo.csv,2026-09-09T16:47:00-03:00,HIGH
Brasileirão Série A,2025,22,2025-08-31,17:00,Santos,Fluminense,0,0,,,DRAW,,,,,,,,,,,,,,,,,CBF + fontes públicas de resultados 2025,https://www.cbf.com.br/futebol-brasileiro/tabelas/campeonato-brasileiro/serie-a/2025/1779?documento=Regulamento,https://raw.githubusercontent.com/marcioklipper/brasileirao-bot/main/brasileirao_2025_completo.csv,2026-09-09T16:47:00-03:00,HIGH
Brasileirão Série A,2025,22,2025-08-31,19:30,Corinthians,Palmeiras,1,1,,,DRAW,,,,,,,,,,,,,,,,,CBF + fontes públicas de resultados 2025,https://www.cbf.com.br/futebol-brasileiro/tabelas/campeonato-brasileiro/serie-a/2025/1779?documento=Regulamento,https://raw.githubusercontent.com/marcioklipper/brasileirao-bot/main/brasileirao_2025_completo.csv,2026-09-09T16:47:00-03:00,HIGH
Brasileirão Série A,2025,22,2025-08-31,19:30,Mirassol,Bahia,5,1,,,HOME,,,,,,,,,,,,,,,,,CBF + fontes públicas de resultados 2025,https://www.cbf.com.br/futebol-brasileiro/tabelas/campeonato-brasileiro/serie-a/2025/1779?documento=Regulamento,https://raw.githubusercontent.com/marcioklipper/brasileirao-bot/main/brasileirao_2025_completo.csv,2026-09-09T16:47:00-03:00,HIGH
Brasileirão Série A,2025,22,2025-08-31,19:30,Vitória,Atlético-MG,1,0,,,HOME,,,,,,,,,,,,,,,,,CBF + fontes públicas de resultados 2025,https://www.cbf.com.br/futebol-brasileiro/tabelas/campeonato-brasileiro/serie-a/2025/1779?documento=Regulamento,https://raw.githubusercontent.com/marcioklipper/brasileirao-bot/main/brasileirao_2025_completo.csv,2026-09-09T16:47:00-03:00,HIGH
Brasileirão Série A,2025,22,2025-08-31,21:30,Internacional,Fortaleza,2,1,,,HOME,,,,,,,,,,,,,,,,,CBF + fontes públicas de resultados 2025,https://www.cbf.com.br/futebol-brasileiro/tabelas/campeonato-brasileiro/serie-a/2025/1779?documento=Regulamento,https://raw.githubusercontent.com/marcioklipper/brasileirao-bot/main/brasileirao_2025_completo.csv,2026-09-09T16:47:00-03:00,HIGH
Brasileirão Série A,2025,22,2025-08-31,21:30,Sport,Vasco da Gama,2,3,,,AWAY,,,14,10,,,,,10,5,2,1,0,0,,,Sofascore via leoruy-code/estatisticas,https://github.com/leoruy-code/estatisticas/blob/main/data/matches.csv,https://raw.githubusercontent.com/marcioklipper/brasileirao-bot/main/brasileirao_2025_completo.csv,2026-09-09T16:47:00-03:00,MEDIUM
Brasileirão Série A,2025,23,2025-09-13,17:00,Fortaleza,Vitória,2,0,,,HOME,,,,,,,,,,,,,,,,,CBF + fontes públicas de resultados 2025,https://www.cbf.com.br/futebol-brasileiro/tabelas/campeonato-brasileiro/serie-a/2025/1779?documento=Regulamento,https://raw.githubusercontent.com/marcioklipper/brasileirao-bot/main/brasileirao_2025_completo.csv,2026-09-09T16:47:00-03:00,HIGH
Brasileirão Série A,2025,23,2025-09-13,17:00,Grêmio,Mirassol,0,1,,,AWAY,,,,,,,,,,,,,,,,,CBF + fontes públicas de resultados 2025,https://www.cbf.com.br/futebol-brasileiro/tabelas/campeonato-brasileiro/serie-a/2025/1779?documento=Regulamento,https://raw.githubusercontent.com/marcioklipper/brasileirao-bot/main/brasileirao_2025_completo.csv,2026-09-09T16:47:00-03:00,HIGH
Brasileirão Série A,2025,23,2025-09-13,19:30,Palmeiras,Internacional,4,1,,,HOME,,,,,,,,,,,,,,,,,CBF + fontes públicas de resultados 2025,https://www.cbf.com.br/futebol-brasileiro/tabelas/campeonato-brasileiro/serie-a/2025/1779?documento=Regulamento,https://raw.githubusercontent.com/marcioklipper/brasileirao-bot/main/brasileirao_2025_completo.csv,2026-09-09T16:47:00-03:00,HIGH
Brasileirão Série A,2025,23,2025-09-13,22:00,Fluminense,Corinthians,0,1,,,AWAY,,,,,,,,,,,,,,,,,CBF + fontes públicas de resultados 2025,https://www.cbf.com.br/futebol-brasileiro/tabelas/campeonato-brasileiro/serie-a/2025/1779?documento=Regulamento,https://raw.githubusercontent.com/marcioklipper/brasileirao-bot/main/brasileirao_2025_completo.csv,2026-09-09T16:47:00-03:00,HIGH
Brasileirão Série A,2025,23,2025-09-14,12:00,Red Bull Bragantino,Sport,1,1,,,DRAW,,,21,16,,,,,5,7,2,3,0,0,,,Sofascore via leoruy-code/estatisticas,https://github.com/leoruy-code/estatisticas/blob/main/data/matches.csv,https://raw.githubusercontent.com/marcioklipper/brasileirao-bot/main/brasileirao_2025_completo.csv,2026-09-09T16:47:00-03:00,MEDIUM
Brasileirão Série A,2025,23,2025-09-14,17:00,Atlético-MG,Santos,1,1,,,DRAW,,,,,,,,,,,,,,,,,CBF + fontes públicas de resultados 2025,https://www.cbf.com.br/futebol-brasileiro/tabelas/campeonato-brasileiro/serie-a/2025/1779?documento=Regulamento,https://raw.githubusercontent.com/marcioklipper/brasileirao-bot/main/brasileirao_2025_completo.csv,2026-09-09T16:47:00-03:00,HIGH
Brasileirão Série A,2025,23,2025-09-14,17:00,Juventude,Flamengo,0,2,,,AWAY,,,,,,,,,,,,,,,,,CBF + fontes públicas de resultados 2025,https://www.cbf.com.br/futebol-brasileiro/tabelas/campeonato-brasileiro/serie-a/2025/1779?documento=Regulamento,https://raw.githubusercontent.com/marcioklipper/brasileirao-bot/main/brasileirao_2025_completo.csv,2026-09-09T16:47:00-03:00,HIGH
Brasileirão Série A,2025,23,2025-09-14,18:30,São Paulo,Botafogo,1,0,,,HOME,,,,,,,,,,,,,,,,,CBF + fontes públicas de resultados 2025,https://www.cbf.com.br/futebol-brasileiro/tabelas/campeonato-brasileiro/serie-a/2025/1779?documento=Regulamento,https://raw.githubusercontent.com/marcioklipper/brasileirao-bot/main/brasileirao_2025_completo.csv,2026-09-09T16:47:00-03:00,HIGH
Brasileirão Série A,2025,23,2025-09-14,21:30,Vasco da Gama,Ceará,2,2,,,DRAW,,,17,12,,,,,3,3,3,2,0,1,,,Sofascore via leoruy-code/estatisticas,https://github.com/leoruy-code/estatisticas/blob/main/data/matches.csv,https://raw.githubusercontent.com/marcioklipper/brasileirao-bot/main/brasileirao_2025_completo.csv,2026-09-09T16:47:00-03:00,MEDIUM
Brasileirão Série A,2025,23,2025-09-15,21:00,Bahia,Cruzeiro,1,2,,,AWAY,,,,,,,,,,,,,,,,,CBF + fontes públicas de resultados 2025,https://www.cbf.com.br/futebol-brasileiro/tabelas/campeonato-brasileiro/serie-a/2025/1779?documento=Regulamento,https://raw.githubusercontent.com/marcioklipper/brasileirao-bot/main/brasileirao_2025_completo.csv,2026-09-09T16:47:00-03:00,HIGH
Brasileirão Série A,2025,24,2025-09-20,17:00,Vitória,Fluminense,0,1,,,AWAY,,,,,,,,,,,,,,,,,CBF + fontes públicas de resultados 2025,https://www.cbf.com.br/futebol-brasileiro/tabelas/campeonato-brasileiro/serie-a/2025/1779?documento=Regulamento,https://raw.githubusercontent.com/marcioklipper/brasileirao-bot/main/brasileirao_2025_completo.csv,2026-09-09T16:47:00-03:00,HIGH
Brasileirão Série A,2025,24,2025-09-20,19:30,Botafogo,Atlético-MG,1,0,,,HOME,,,,,,,,,,,,,,,,,CBF + fontes públicas de resultados 2025,https://www.cbf.com.br/futebol-brasileiro/tabelas/campeonato-brasileiro/serie-a/2025/1779?documento=Regulamento,https://raw.githubusercontent.com/marcioklipper/brasileirao-bot/main/brasileirao_2025_completo.csv,2026-09-09T16:47:00-03:00,HIGH
Brasileirão Série A,2025,24,2025-09-20,19:30,Ceará,Bahia,1,1,,,DRAW,,,,,,,,,,,,,,,,,CBF + fontes públicas de resultados 2025,https://www.cbf.com.br/futebol-brasileiro/tabelas/campeonato-brasileiro/serie-a/2025/1779?documento=Regulamento,https://raw.githubusercontent.com/marcioklipper/brasileirao-bot/main/brasileirao_2025_completo.csv,2026-09-09T16:47:00-03:00,HIGH
Brasileirão Série A,2025,24,2025-09-20,22:00,Palmeiras,Fortaleza,4,1,,,HOME,,,,,,,,,,,,,,,,,CBF + fontes públicas de resultados 2025,https://www.cbf.com.br/futebol-brasileiro/tabelas/campeonato-brasileiro/serie-a/2025/1779?documento=Regulamento,https://raw.githubusercontent.com/marcioklipper/brasileirao-bot/main/brasileirao_2025_completo.csv,2026-09-09T16:47:00-03:00,HIGH
Brasileirão Série A,2025,24,2025-09-21,17:00,Mirassol,Juventude,2,0,,,HOME,,,16,12,,,,,4,11,1,2,0,0,,,Sofascore via leoruy-code/estatisticas,https://github.com/leoruy-code/estatisticas/blob/main/data/matches.csv,https://raw.githubusercontent.com/marcioklipper/brasileirao-bot/main/brasileirao_2025_completo.csv,2026-09-09T16:47:00-03:00,MEDIUM
Brasileirão Série A,2025,24,2025-09-21,18:30,Flamengo,Vasco da Gama,1,1,,,DRAW,,,,,,,,,,,,,,,,,CBF + fontes públicas de resultados 2025,https://www.cbf.com.br/futebol-brasileiro/tabelas/campeonato-brasileiro/serie-a/2025/1779?documento=Regulamento,https://raw.githubusercontent.com/marcioklipper/brasileirao-bot/main/brasileirao_2025_completo.csv,2026-09-09T16:47:00-03:00,HIGH
Brasileirão Série A,2025,24,2025-09-21,18:30,Internacional,Grêmio,2,3,,,AWAY,,,,,,,,,,,,,,,,,CBF + fontes públicas de resultados 2025,https://www.cbf.com.br/futebol-brasileiro/tabelas/campeonato-brasileiro/serie-a/2025/1779?documento=Regulamento,https://raw.githubusercontent.com/marcioklipper/brasileirao-bot/main/brasileirao_2025_completo.csv,2026-09-09T16:47:00-03:00,HIGH
Brasileirão Série A,2025,24,2025-09-21,18:30,Sport,Corinthians,1,0,,,HOME,,,,,,,,,,,,,,,,,CBF + fontes públicas de resultados 2025,https://www.cbf.com.br/futebol-brasileiro/tabelas/campeonato-brasileiro/serie-a/2025/1779?documento=Regulamento,https://raw.githubusercontent.com/marcioklipper/brasileirao-bot/main/brasileirao_2025_completo.csv,2026-09-09T16:47:00-03:00,HIGH
Brasileirão Série A,2025,24,2025-09-21,21:30,Cruzeiro,Red Bull Bragantino,2,1,,,HOME,,,,,,,,,,,,,,,,,CBF + fontes públicas de resultados 2025,https://www.cbf.com.br/futebol-brasileiro/tabelas/campeonato-brasileiro/serie-a/2025/1779?documento=Regulamento,https://raw.githubusercontent.com/marcioklipper/brasileirao-bot/main/brasileirao_2025_completo.csv,2026-09-09T16:47:00-03:00,HIGH
Brasileirão Série A,2025,24,2025-09-21,21:30,Santos,São Paulo,1,0,,,HOME,,,,,,,,,,,,,,,,,CBF + fontes públicas de resultados 2025,https://www.cbf.com.br/futebol-brasileiro/tabelas/campeonato-brasileiro/serie-a/2025/1779?documento=Regulamento,https://raw.githubusercontent.com/marcioklipper/brasileirao-bot/main/brasileirao_2025_completo.csv,2026-09-09T16:47:00-03:00,HIGH
Brasileirão Série A,2025,25,2025-09-27,17:00,Fortaleza,Sport,1,0,,,HOME,,,,,,,,,,,,,,,,,CBF + fontes públicas de resultados 2025,https://www.cbf.com.br/futebol-brasileiro/tabelas/campeonato-brasileiro/serie-a/2025/1779?documento=Regulamento,https://raw.githubusercontent.com/marcioklipper/brasileirao-bot/main/brasileirao_2025_completo.csv,2026-09-09T16:47:00-03:00,HIGH
Brasileirão Série A,2025,25,2025-09-27,19:30,Juventude,Internacional,1,1,,,DRAW,,,,,,,,,,,,,,,,,CBF + fontes públicas de resultados 2025,https://www.cbf.com.br/futebol-brasileiro/tabelas/campeonato-brasileiro/serie-a/2025/1779?documento=Regulamento,https://raw.githubusercontent.com/marcioklipper/brasileirao-bot/main/brasileirao_2025_completo.csv,2026-09-09T16:47:00-03:00,HIGH
Brasileirão Série A,2025,25,2025-09-27,19:30,Vasco da Gama,Cruzeiro,2,0,,,HOME,,,,,,,,,,,,,,,,,CBF + fontes públicas de resultados 2025,https://www.cbf.com.br/futebol-brasileiro/tabelas/campeonato-brasileiro/serie-a/2025/1779?documento=Regulamento,https://raw.githubusercontent.com/marcioklipper/brasileirao-bot/main/brasileirao_2025_completo.csv,2026-09-09T16:47:00-03:00,HIGH
Brasileirão Série A,2025,25,2025-09-27,22:00,Atlético-MG,Mirassol,1,0,,,HOME,,,,,,,,,,,,,,,,,CBF + fontes públicas de resultados 2025,https://www.cbf.com.br/futebol-brasileiro/tabelas/campeonato-brasileiro/serie-a/2025/1779?documento=Regulamento,https://raw.githubusercontent.com/marcioklipper/brasileirao-bot/main/brasileirao_2025_completo.csv,2026-09-09T16:47:00-03:00,HIGH
Brasileirão Série A,2025,25,2025-09-28,12:00,Grêmio,Vitória,3,1,,,HOME,,,,,,,,,,,,,,,,,CBF + fontes públicas de resultados 2025,https://www.cbf.com.br/futebol-brasileiro/tabelas/campeonato-brasileiro/serie-a/2025/1779?documento=Regulamento,https://raw.githubusercontent.com/marcioklipper/brasileirao-bot/main/brasileirao_2025_completo.csv,2026-09-09T16:47:00-03:00,HIGH
Brasileirão Série A,2025,25,2025-09-28,17:00,Bahia,Palmeiras,1,0,,,HOME,,,,,,,,,,,,,,,,,CBF + fontes públicas de resultados 2025,https://www.cbf.com.br/futebol-brasileiro/tabelas/campeonato-brasileiro/serie-a/2025/1779?documento=Regulamento,https://raw.githubusercontent.com/marcioklipper/brasileirao-bot/main/brasileirao_2025_completo.csv,2026-09-09T16:47:00-03:00,HIGH
Brasileirão Série A,2025,25,2025-09-28,17:00,Fluminense,Botafogo,2,0,,,HOME,,,,,,,,,,,,,,,,,CBF + fontes públicas de resultados 2025,https://www.cbf.com.br/futebol-brasileiro/tabelas/campeonato-brasileiro/serie-a/2025/1779?documento=Regulamento,https://raw.githubusercontent.com/marcioklipper/brasileirao-bot/main/brasileirao_2025_completo.csv,2026-09-09T16:47:00-03:00,HIGH
Brasileirão Série A,2025,25,2025-09-28,19:30,Red Bull Bragantino,Santos,2,2,,,DRAW,,,,,,,,,,,,,,,,,CBF + fontes públicas de resultados 2025,https://www.cbf.com.br/futebol-brasileiro/tabelas/campeonato-brasileiro/serie-a/2025/1779?documento=Regulamento,https://raw.githubusercontent.com/marcioklipper/brasileirao-bot/main/brasileirao_2025_completo.csv,2026-09-09T16:47:00-03:00,HIGH
Brasileirão Série A,2025,25,2025-09-28,21:30,Corinthians,Flamengo,1,2,,,AWAY,,,,,,,,,,,,,,,,,CBF + fontes públicas de resultados 2025,https://www.cbf.com.br/futebol-brasileiro/tabelas/campeonato-brasileiro/serie-a/2025/1779?documento=Regulamento,https://raw.githubusercontent.com/marcioklipper/brasileirao-bot/main/brasileirao_2025_completo.csv,2026-09-09T16:47:00-03:00,HIGH
Brasileirão Série A,2025,25,2025-09-29,21:00,São Paulo,Ceará,0,1,,,AWAY,,,,,,,,,,,,,,,,,CBF + fontes públicas de resultados 2025,https://www.cbf.com.br/futebol-brasileiro/tabelas/campeonato-brasileiro/serie-a/2025/1779?documento=Regulamento,https://raw.githubusercontent.com/marcioklipper/brasileirao-bot/main/brasileirao_2025_completo.csv,2026-09-09T16:47:00-03:00,HIGH
Brasileirão Série A,2025,26,2025-09-30,22:30,Atlético-MG,Juventude,0,0,,,DRAW,,,,,,,,,,,,,,,,,CBF + fontes públicas de resultados 2025,https://www.cbf.com.br/futebol-brasileiro/tabelas/campeonato-brasileiro/serie-a/2025/1779?documento=Regulamento,https://raw.githubusercontent.com/marcioklipper/brasileirao-bot/main/brasileirao_2025_completo.csv,2026-09-09T16:47:00-03:00,HIGH
Brasileirão Série A,2025,26,2025-10-01,20:00,Mirassol,Red Bull Bragantino,1,1,,,DRAW,,,,,,,,,,,,,,,,,CBF + fontes públicas de resultados 2025,https://www.cbf.com.br/futebol-brasileiro/tabelas/campeonato-brasileiro/serie-a/2025/1779?documento=Regulamento,https://raw.githubusercontent.com/marcioklipper/brasileirao-bot/main/brasileirao_2025_completo.csv,2026-09-09T16:47:00-03:00,HIGH
Brasileirão Série A,2025,26,2025-10-01,20:00,Palmeiras,Vasco da Gama,3,0,,,HOME,,,,,,,,,,,,,,,,,CBF + fontes públicas de resultados 2025,https://www.cbf.com.br/futebol-brasileiro/tabelas/campeonato-brasileiro/serie-a/2025/1779?documento=Regulamento,https://raw.githubusercontent.com/marcioklipper/brasileirao-bot/main/brasileirao_2025_completo.csv,2026-09-09T16:47:00-03:00,HIGH
Brasileirão Série A,2025,26,2025-10-01,20:00,Sport,Fluminense,2,2,,,DRAW,,,,,,,,,,,,,,,,,CBF + fontes públicas de resultados 2025,https://www.cbf.com.br/futebol-brasileiro/tabelas/campeonato-brasileiro/serie-a/2025/1779?documento=Regulamento,https://raw.githubusercontent.com/marcioklipper/brasileirao-bot/main/brasileirao_2025_completo.csv,2026-09-09T16:47:00-03:00,HIGH
Brasileirão Série A,2025,26,2025-10-01,20:30,Internacional,Corinthians,1,1,,,DRAW,,,,,,,,,,,,,,,,,CBF + fontes públicas de resultados 2025,https://www.cbf.com.br/futebol-brasileiro/tabelas/campeonato-brasileiro/serie-a/2025/1779?documento=Regulamento,https://raw.githubusercontent.com/marcioklipper/brasileirao-bot/main/brasileirao_2025_completo.csv,2026-09-09T16:47:00-03:00,HIGH
Brasileirão Série A,2025,26,2025-10-01,22:30,Botafogo,Bahia,2,1,,,HOME,,,,,,,,,,,,,,,,,CBF + fontes públicas de resultados 2025,https://www.cbf.com.br/futebol-brasileiro/tabelas/campeonato-brasileiro/serie-a/2025/1779?documento=Regulamento,https://raw.githubusercontent.com/marcioklipper/brasileirao-bot/main/brasileirao_2025_completo.csv,2026-09-09T16:47:00-03:00,HIGH
Brasileirão Série A,2025,26,2025-10-01,22:30,Santos,Grêmio,1,1,,,DRAW,,,,,,,,,,,,,,,,,CBF + fontes públicas de resultados 2025,https://www.cbf.com.br/futebol-brasileiro/tabelas/campeonato-brasileiro/serie-a/2025/1779?documento=Regulamento,https://raw.githubusercontent.com/marcioklipper/brasileirao-bot/main/brasileirao_2025_completo.csv,2026-09-09T16:47:00-03:00,HIGH
Brasileirão Série A,2025,26,2025-10-02,20:00,Vitória,Ceará,1,0,,,HOME,,,,,,,,,,,,,,,,,CBF + fontes públicas de resultados 2025,https://www.cbf.com.br/futebol-brasileiro/tabelas/campeonato-brasileiro/serie-a/2025/1779?documento=Regulamento,https://raw.githubusercontent.com/marcioklipper/brasileirao-bot/main/brasileirao_2025_completo.csv,2026-09-09T16:47:00-03:00,HIGH
Brasileirão Série A,2025,26,2025-10-02,20:30,Fortaleza,São Paulo,0,2,,,AWAY,,,,,,,,,,,,,,,,,CBF + fontes públicas de resultados 2025,https://www.cbf.com.br/futebol-brasileiro/tabelas/campeonato-brasileiro/serie-a/2025/1779?documento=Regulamento,https://raw.githubusercontent.com/marcioklipper/brasileirao-bot/main/brasileirao_2025_completo.csv,2026-09-09T16:47:00-03:00,HIGH
Brasileirão Série A,2025,26,2025-10-02,21:30,Flamengo,Cruzeiro,0,0,,,DRAW,,,,,,,,,,,,,,,,,CBF + fontes públicas de resultados 2025,https://www.cbf.com.br/futebol-brasileiro/tabelas/campeonato-brasileiro/serie-a/2025/1779?documento=Regulamento,https://raw.githubusercontent.com/marcioklipper/brasileirao-bot/main/brasileirao_2025_completo.csv,2026-09-09T16:47:00-03:00,HIGH
Brasileirão Série A,2025,27,2025-10-04,19:30,Fluminense,Atlético-MG,3,0,,,HOME,,,,,,,,,,,,,,,,,CBF + fontes públicas de resultados 2025,https://www.cbf.com.br/futebol-brasileiro/tabelas/campeonato-brasileiro/serie-a/2025/1779?documento=Regulamento,https://raw.githubusercontent.com/marcioklipper/brasileirao-bot/main/brasileirao_2025_completo.csv,2026-09-09T16:47:00-03:00,HIGH
Brasileirão Série A,2025,27,2025-10-04,19:30,Internacional,Botafogo,2,0,,,HOME,,,,,,,,,,,,,,,,,CBF + fontes públicas de resultados 2025,https://www.cbf.com.br/futebol-brasileiro/tabelas/campeonato-brasileiro/serie-a/2025/1779?documento=Regulamento,https://raw.githubusercontent.com/marcioklipper/brasileirao-bot/main/brasileirao_2025_completo.csv,2026-09-09T16:47:00-03:00,HIGH
Brasileirão Série A,2025,27,2025-10-04,19:30,Red Bull Bragantino,Grêmio,1,0,,,HOME,,,,,,,,,,,,,,,,,CBF + fontes públicas de resultados 2025,https://www.cbf.com.br/futebol-brasileiro/tabelas/campeonato-brasileiro/serie-a/2025/1779?documento=Regulamento,https://raw.githubusercontent.com/marcioklipper/brasileirao-bot/main/brasileirao_2025_completo.csv,2026-09-09T16:47:00-03:00,HIGH
Brasileirão Série A,2025,27,2025-10-04,22:00,Corinthians,Mirassol,3,0,,,HOME,,,,,,,,,,,,,,,,,CBF + fontes públicas de resultados 2025,https://www.cbf.com.br/futebol-brasileiro/tabelas/campeonato-brasileiro/serie-a/2025/1779?documento=Regulamento,https://raw.githubusercontent.com/marcioklipper/brasileirao-bot/main/brasileirao_2025_completo.csv,2026-09-09T16:47:00-03:00,HIGH
Brasileirão Série A,2025,27,2025-10-05,17:00,São Paulo,Palmeiras,2,3,,,AWAY,,,,,,,,,,,,,,,,,CBF + fontes públicas de resultados 2025,https://www.cbf.com.br/futebol-brasileiro/tabelas/campeonato-brasileiro/serie-a/2025/1779?documento=Regulamento,https://raw.githubusercontent.com/marcioklipper/brasileirao-bot/main/brasileirao_2025_completo.csv,2026-09-09T16:47:00-03:00,HIGH
Brasileirão Série A,2025,27,2025-10-05,17:00,Vasco da Gama,Vitória,4,3,,,HOME,,,,,,,,,,,,,,,,,CBF + fontes públicas de resultados 2025,https://www.cbf.com.br/futebol-brasileiro/tabelas/campeonato-brasileiro/serie-a/2025/1779?documento=Regulamento,https://raw.githubusercontent.com/marcioklipper/brasileirao-bot/main/brasileirao_2025_completo.csv,2026-09-09T16:47:00-03:00,HIGH
Brasileirão Série A,2025,27,2025-10-05,19:30,Bahia,Flamengo,1,0,,,HOME,,,,,,,,,,,,,,,,,CBF + fontes públicas de resultados 2025,https://www.cbf.com.br/futebol-brasileiro/tabelas/campeonato-brasileiro/serie-a/2025/1779?documento=Regulamento,https://raw.githubusercontent.com/marcioklipper/brasileirao-bot/main/brasileirao_2025_completo.csv,2026-09-09T16:47:00-03:00,HIGH
Brasileirão Série A,2025,27,2025-10-05,19:30,Juventude,Fortaleza,1,2,,,AWAY,,,,,,,,,,,,,,,,,CBF + fontes públicas de resultados 2025,https://www.cbf.com.br/futebol-brasileiro/tabelas/campeonato-brasileiro/serie-a/2025/1779?documento=Regulamento,https://raw.githubusercontent.com/marcioklipper/brasileirao-bot/main/brasileirao_2025_completo.csv,2026-09-09T16:47:00-03:00,HIGH
Brasileirão Série A,2025,27,2025-10-05,21:30,Ceará,Santos,3,0,,,HOME,,,,,,,,,,,,,,,,,CBF + fontes públicas de resultados 2025,https://www.cbf.com.br/futebol-brasileiro/tabelas/campeonato-brasileiro/serie-a/2025/1779?documento=Regulamento,https://raw.githubusercontent.com/marcioklipper/brasileirao-bot/main/brasileirao_2025_completo.csv,2026-09-09T16:47:00-03:00,HIGH
Brasileirão Série A,2025,27,2025-10-05,21:30,Cruzeiro,Sport,1,1,,,DRAW,,,,,,,,,,,,,,,,,CBF + fontes públicas de resultados 2025,https://www.cbf.com.br/futebol-brasileiro/tabelas/campeonato-brasileiro/serie-a/2025/1779?documento=Regulamento,https://raw.githubusercontent.com/marcioklipper/brasileirao-bot/main/brasileirao_2025_completo.csv,2026-09-09T16:47:00-03:00,HIGH
Brasileirão Série A,2025,28,2025-10-15,20:00,Palmeiras,Red Bull Bragantino,5,1,,,HOME,,,,,,,,,,,,,,,,,CBF + fontes públicas de resultados 2025,https://www.cbf.com.br/futebol-brasileiro/tabelas/campeonato-brasileiro/serie-a/2025/1779?documento=Regulamento,https://raw.githubusercontent.com/marcioklipper/brasileirao-bot/main/brasileirao_2025_completo.csv,2026-09-09T16:47:00-03:00,HIGH
Brasileirão Série A,2025,28,2025-10-15,20:30,Botafogo,Flamengo,0,3,,,AWAY,,,,,,,,,,,,,,,,,CBF + fontes públicas de resultados 2025,https://www.cbf.com.br/futebol-brasileiro/tabelas/campeonato-brasileiro/serie-a/2025/1779?documento=Regulamento,https://raw.githubusercontent.com/marcioklipper/brasileirao-bot/main/brasileirao_2025_completo.csv,2026-09-09T16:47:00-03:00,HIGH
Brasileirão Série A,2025,28,2025-10-15,21:00,Mirassol,Internacional,3,1,,,HOME,,,,,,,,,,,,,,,,,CBF + fontes públicas de resultados 2025,https://www.cbf.com.br/futebol-brasileiro/tabelas/campeonato-brasileiro/serie-a/2025/1779?documento=Regulamento,https://raw.githubusercontent.com/marcioklipper/brasileirao-bot/main/brasileirao_2025_completo.csv,2026-09-09T16:47:00-03:00,HIGH
Brasileirão Série A,2025,28,2025-10-15,21:00,Sport,Ceará,1,1,,,DRAW,,,,,,,,,,,,,,,,,CBF + fontes públicas de resultados 2025,https://www.cbf.com.br/futebol-brasileiro/tabelas/campeonato-brasileiro/serie-a/2025/1779?documento=Regulamento,https://raw.githubusercontent.com/marcioklipper/brasileirao-bot/main/brasileirao_2025_completo.csv,2026-09-09T16:47:00-03:00,HIGH
Brasileirão Série A,2025,28,2025-10-15,22:30,Atlético-MG,Cruzeiro,1,1,,,DRAW,,,,,,,,,,,,,,,,,CBF + fontes públicas de resultados 2025,https://www.cbf.com.br/futebol-brasileiro/tabelas/campeonato-brasileiro/serie-a/2025/1779?documento=Regulamento,https://raw.githubusercontent.com/marcioklipper/brasileirao-bot/main/brasileirao_2025_completo.csv,2026-09-09T16:47:00-03:00,HIGH
Brasileirão Série A,2025,28,2025-10-15,22:30,Fortaleza,Vasco da Gama,0,2,,,AWAY,,,,,,,,,,,,,,,,,CBF + fontes públicas de resultados 2025,https://www.cbf.com.br/futebol-brasileiro/tabelas/campeonato-brasileiro/serie-a/2025/1779?documento=Regulamento,https://raw.githubusercontent.com/marcioklipper/brasileirao-bot/main/brasileirao_2025_completo.csv,2026-09-09T16:47:00-03:00,HIGH
Brasileirão Série A,2025,28,2025-10-15,22:30,Santos,Corinthians,3,1,,,HOME,,,,,,,,,,,,,,,,,CBF + fontes públicas de resultados 2025,https://www.cbf.com.br/futebol-brasileiro/tabelas/campeonato-brasileiro/serie-a/2025/1779?documento=Regulamento,https://raw.githubusercontent.com/marcioklipper/brasileirao-bot/main/brasileirao_2025_completo.csv,2026-09-09T16:47:00-03:00,HIGH
Brasileirão Série A,2025,28,2025-10-16,20:00,Grêmio,São Paulo,2,0,,,HOME,,,,,,,,,,,,,,,,,CBF + fontes públicas de resultados 2025,https://www.cbf.com.br/futebol-brasileiro/tabelas/campeonato-brasileiro/serie-a/2025/1779?documento=Regulamento,https://raw.githubusercontent.com/marcioklipper/brasileirao-bot/main/brasileirao_2025_completo.csv,2026-09-09T16:47:00-03:00,HIGH
Brasileirão Série A,2025,28,2025-10-16,22:30,Fluminense,Juventude,1,0,,,HOME,,,,,,,,,,,,,,,,,CBF + fontes públicas de resultados 2025,https://www.cbf.com.br/futebol-brasileiro/tabelas/campeonato-brasileiro/serie-a/2025/1779?documento=Regulamento,https://raw.githubusercontent.com/marcioklipper/brasileirao-bot/main/brasileirao_2025_completo.csv,2026-09-09T16:47:00-03:00,HIGH
Brasileirão Série A,2025,28,2025-10-16,22:30,Vitória,Bahia,2,1,,,HOME,,,,,,,,,,,,,,,,,CBF + fontes públicas de resultados 2025,https://www.cbf.com.br/futebol-brasileiro/tabelas/campeonato-brasileiro/serie-a/2025/1779?documento=Regulamento,https://raw.githubusercontent.com/marcioklipper/brasileirao-bot/main/brasileirao_2025_completo.csv,2026-09-09T16:47:00-03:00,HIGH
Brasileirão Série A,2025,29,2025-10-18,19:30,Corinthians,Atlético-MG,1,0,,,HOME,,,,,,,,,,,,,,,,,CBF + fontes públicas de resultados 2025,https://www.cbf.com.br/futebol-brasileiro/tabelas/campeonato-brasileiro/serie-a/2025/1779?documento=Regulamento,https://raw.githubusercontent.com/marcioklipper/brasileirao-bot/main/brasileirao_2025_completo.csv,2026-09-09T16:47:00-03:00,HIGH
Brasileirão Série A,2025,29,2025-10-18,22:00,Cruzeiro,Fortaleza,1,0,,,HOME,,,,,,,,,,,,,,,,,CBF + fontes públicas de resultados 2025,https://www.cbf.com.br/futebol-brasileiro/tabelas/campeonato-brasileiro/serie-a/2025/1779?documento=Regulamento,https://raw.githubusercontent.com/marcioklipper/brasileirao-bot/main/brasileirao_2025_completo.csv,2026-09-09T16:47:00-03:00,HIGH
Brasileirão Série A,2025,29,2025-10-19,17:00,Flamengo,Palmeiras,3,2,,,HOME,,,,,,,,,,,,,,,,,CBF + fontes públicas de resultados 2025,https://www.cbf.com.br/futebol-brasileiro/tabelas/campeonato-brasileiro/serie-a/2025/1779?documento=Regulamento,https://raw.githubusercontent.com/marcioklipper/brasileirao-bot/main/brasileirao_2025_completo.csv,2026-09-09T16:47:00-03:00,HIGH
Brasileirão Série A,2025,29,2025-10-19,19:30,Ceará,Botafogo,0,2,,,AWAY,,,,,,,,,,,,,,,,,CBF + fontes públicas de resultados 2025,https://www.cbf.com.br/futebol-brasileiro/tabelas/campeonato-brasileiro/serie-a/2025/1779?documento=Regulamento,https://raw.githubusercontent.com/marcioklipper/brasileirao-bot/main/brasileirao_2025_completo.csv,2026-09-09T16:47:00-03:00,HIGH
Brasileirão Série A,2025,29,2025-10-19,19:30,Internacional,Sport,2,0,,,HOME,,,,,,,,,,,,,,,,,CBF + fontes públicas de resultados 2025,https://www.cbf.com.br/futebol-brasileiro/tabelas/campeonato-brasileiro/serie-a/2025/1779?documento=Regulamento,https://raw.githubusercontent.com/marcioklipper/brasileirao-bot/main/brasileirao_2025_completo.csv,2026-09-09T16:47:00-03:00,HIGH
Brasileirão Série A,2025,29,2025-10-19,19:30,Mirassol,São Paulo,3,0,,,HOME,,,,,,,,,,,,,,,,,CBF + fontes públicas de resultados 2025,https://www.cbf.com.br/futebol-brasileiro/tabelas/campeonato-brasileiro/serie-a/2025/1779?documento=Regulamento,https://raw.githubusercontent.com/marcioklipper/brasileirao-bot/main/brasileirao_2025_completo.csv,2026-09-09T16:47:00-03:00,HIGH
Brasileirão Série A,2025,29,2025-10-19,21:30,Bahia,Grêmio,4,0,,,HOME,,,,,,,,,,,,,,,,,CBF + fontes públicas de resultados 2025,https://www.cbf.com.br/futebol-brasileiro/tabelas/campeonato-brasileiro/serie-a/2025/1779?documento=Regulamento,https://raw.githubusercontent.com/marcioklipper/brasileirao-bot/main/brasileirao_2025_completo.csv,2026-09-09T16:47:00-03:00,HIGH
Brasileirão Série A,2025,29,2025-10-20,20:00,Juventude,Red Bull Bragantino,1,0,,,HOME,,,,,,,,,,,,,,,,,CBF + fontes públicas de resultados 2025,https://www.cbf.com.br/futebol-brasileiro/tabelas/campeonato-brasileiro/serie-a/2025/1779?documento=Regulamento,https://raw.githubusercontent.com/marcioklipper/brasileirao-bot/main/brasileirao_2025_completo.csv,2026-09-09T16:47:00-03:00,HIGH
Brasileirão Série A,2025,29,2025-10-20,20:30,Vasco da Gama,Fluminense,2,0,,,HOME,,,,,,,,,,,,,,,,,CBF + fontes públicas de resultados 2025,https://www.cbf.com.br/futebol-brasileiro/tabelas/campeonato-brasileiro/serie-a/2025/1779?documento=Regulamento,https://raw.githubusercontent.com/marcioklipper/brasileirao-bot/main/brasileirao_2025_completo.csv,2026-09-09T16:47:00-03:00,HIGH
Brasileirão Série A,2025,29,2025-10-20,22:30,Santos,Vitória,0,1,,,AWAY,,,,,,,,,,,,,,,,,CBF + fontes públicas de resultados 2025,https://www.cbf.com.br/futebol-brasileiro/tabelas/campeonato-brasileiro/serie-a/2025/1779?documento=Regulamento,https://raw.githubusercontent.com/marcioklipper/brasileirao-bot/main/brasileirao_2025_completo.csv,2026-09-09T16:47:00-03:00,HIGH
Brasileirão Série A,2025,30,2025-10-25,17:00,Atlético-MG,Ceará,1,0,,,HOME,,,,,,,,,,,,,,,,,CBF + fontes públicas de resultados 2025,https://www.cbf.com.br/futebol-brasileiro/tabelas/campeonato-brasileiro/serie-a/2025/1779?documento=Regulamento,https://raw.githubusercontent.com/marcioklipper/brasileirao-bot/main/brasileirao_2025_completo.csv,2026-09-09T16:47:00-03:00,HIGH
Brasileirão Série A,2025,30,2025-10-25,17:00,Vitória,Corinthians,0,1,,,AWAY,,,,,,,,,,,,,,,,,CBF + fontes públicas de resultados 2025,https://www.cbf.com.br/futebol-brasileiro/tabelas/campeonato-brasileiro/serie-a/2025/1779?documento=Regulamento,https://raw.githubusercontent.com/marcioklipper/brasileirao-bot/main/brasileirao_2025_completo.csv,2026-09-09T16:47:00-03:00,HIGH
Brasileirão Série A,2025,30,2025-10-25,18:30,Fluminense,Internacional,1,0,,,HOME,,,,,,,,,,,,,,,,,CBF + fontes públicas de resultados 2025,https://www.cbf.com.br/futebol-brasileiro/tabelas/campeonato-brasileiro/serie-a/2025/1779?documento=Regulamento,https://raw.githubusercontent.com/marcioklipper/brasileirao-bot/main/brasileirao_2025_completo.csv,2026-09-09T16:47:00-03:00,HIGH
Brasileirão Série A,2025,30,2025-10-25,19:30,Sport,Mirassol,1,2,,,AWAY,,,,,,,,,,,,,,,,,CBF + fontes públicas de resultados 2025,https://www.cbf.com.br/futebol-brasileiro/tabelas/campeonato-brasileiro/serie-a/2025/1779?documento=Regulamento,https://raw.githubusercontent.com/marcioklipper/brasileirao-bot/main/brasileirao_2025_completo.csv,2026-09-09T16:47:00-03:00,HIGH
Brasileirão Série A,2025,30,2025-10-25,20:30,Fortaleza,Flamengo,1,0,,,HOME,,,,,,,,,,,,,,,,,CBF + fontes públicas de resultados 2025,https://www.cbf.com.br/futebol-brasileiro/tabelas/campeonato-brasileiro/serie-a/2025/1779?documento=Regulamento,https://raw.githubusercontent.com/marcioklipper/brasileirao-bot/main/brasileirao_2025_completo.csv,2026-09-09T16:47:00-03:00,HIGH
Brasileirão Série A,2025,30,2025-10-25,22:30,São Paulo,Bahia,2,0,,,HOME,,,,,,,,,,,,,,,,,CBF + fontes públicas de resultados 2025,https://www.cbf.com.br/futebol-brasileiro/tabelas/campeonato-brasileiro/serie-a/2025/1779?documento=Regulamento,https://raw.githubusercontent.com/marcioklipper/brasileirao-bot/main/brasileirao_2025_completo.csv,2026-09-09T16:47:00-03:00,HIGH
Brasileirão Série A,2025,30,2025-10-26,16:00,Botafogo,Santos,2,2,,,DRAW,,,,,,,,,,,,,,,,,CBF + fontes públicas de resultados 2025,https://www.cbf.com.br/futebol-brasileiro/tabelas/campeonato-brasileiro/serie-a/2025/1779?documento=Regulamento,https://raw.githubusercontent.com/marcioklipper/brasileirao-bot/main/brasileirao_2025_completo.csv,2026-09-09T16:47:00-03:00,HIGH
Brasileirão Série A,2025,30,2025-10-26,16:00,Grêmio,Juventude,3,1,,,HOME,,,,,,,,,,,,,,,,,CBF + fontes públicas de resultados 2025,https://www.cbf.com.br/futebol-brasileiro/tabelas/campeonato-brasileiro/serie-a/2025/1779?documento=Regulamento,https://raw.githubusercontent.com/marcioklipper/brasileirao-bot/main/brasileirao_2025_completo.csv,2026-09-09T16:47:00-03:00,HIGH
Brasileirão Série A,2025,30,2025-10-26,18:30,Red Bull Bragantino,Vasco da Gama,0,3,,,AWAY,,,,,,,,,,,,,,,,,CBF + fontes públicas de resultados 2025,https://www.cbf.com.br/futebol-brasileiro/tabelas/campeonato-brasileiro/serie-a/2025/1779?documento=Regulamento,https://raw.githubusercontent.com/marcioklipper/brasileirao-bot/main/brasileirao_2025_completo.csv,2026-09-09T16:47:00-03:00,HIGH
Brasileirão Série A,2025,30,2025-10-26,20:30,Palmeiras,Cruzeiro,0,0,,,DRAW,,,,,,,,,,,,,,,,,CBF + fontes públicas de resultados 2025,https://www.cbf.com.br/futebol-brasileiro/tabelas/campeonato-brasileiro/serie-a/2025/1779?documento=Regulamento,https://raw.githubusercontent.com/marcioklipper/brasileirao-bot/main/brasileirao_2025_completo.csv,2026-09-09T16:47:00-03:00,HIGH
Brasileirão Série A,2025,31,2025-11-01,16:00,Cruzeiro,Vitória,3,1,,,HOME,,,,,,,,,,,,,,,,,CBF + fontes públicas de resultados 2025,https://www.cbf.com.br/futebol-brasileiro/tabelas/campeonato-brasileiro/serie-a/2025/1779?documento=Regulamento,https://raw.githubusercontent.com/marcioklipper/brasileirao-bot/main/brasileirao_2025_completo.csv,2026-09-09T16:47:00-03:00,HIGH
Brasileirão Série A,2025,31,2025-11-01,16:00,Santos,Fortaleza,1,1,,,DRAW,,,,,,,,,,,,,,,,,CBF + fontes públicas de resultados 2025,https://www.cbf.com.br/futebol-brasileiro/tabelas/campeonato-brasileiro/serie-a/2025/1779?documento=Regulamento,https://raw.githubusercontent.com/marcioklipper/brasileirao-bot/main/brasileirao_2025_completo.csv,2026-09-09T16:47:00-03:00,HIGH
Brasileirão Série A,2025,31,2025-11-01,18:00,Mirassol,Botafogo,0,0,,,DRAW,,,10,10,,,,,7,2,1,4,0,0,,,Sofascore via leoruy-code/estatisticas,https://github.com/leoruy-code/estatisticas/blob/main/data/matches.csv,https://raw.githubusercontent.com/marcioklipper/brasileirao-bot/main/brasileirao_2025_completo.csv,2026-09-09T16:47:00-03:00,MEDIUM
Brasileirão Série A,2025,31,2025-11-02,16:00,Bahia,Red Bull Bragantino,2,1,,,HOME,,,17,7,,,,,4,3,3,5,0,0,,,Sofascore via leoruy-code/estatisticas,https://github.com/leoruy-code/estatisticas/blob/main/data/matches.csv,https://raw.githubusercontent.com/marcioklipper/brasileirao-bot/main/brasileirao_2025_completo.csv,2026-09-09T16:47:00-03:00,MEDIUM
Brasileirão Série A,2025,31,2025-11-02,16:00,Ceará,Fluminense,2,0,,,HOME,,,,,,,,,,,,,,,,,CBF + fontes públicas de resultados 2025,https://www.cbf.com.br/futebol-brasileiro/tabelas/campeonato-brasileiro/serie-a/2025/1779?documento=Regulamento,https://raw.githubusercontent.com/marcioklipper/brasileirao-bot/main/brasileirao_2025_completo.csv,2026-09-09T16:47:00-03:00,HIGH
Brasileirão Série A,2025,31,2025-11-02,16:00,Corinthians,Grêmio,2,0,,,HOME,,,,,,,,,,,,,,,,,CBF + fontes públicas de resultados 2025,https://www.cbf.com.br/futebol-brasileiro/tabelas/campeonato-brasileiro/serie-a/2025/1779?documento=Regulamento,https://raw.githubusercontent.com/marcioklipper/brasileirao-bot/main/brasileirao_2025_completo.csv,2026-09-09T16:47:00-03:00,HIGH
Brasileirão Série A,2025,31,2025-11-02,18:30,Internacional,Atlético-MG,0,0,,,DRAW,,,,,,,,,,,,,,,,,CBF + fontes públicas de resultados 2025,https://www.cbf.com.br/futebol-brasileiro/tabelas/campeonato-brasileiro/serie-a/2025/1779?documento=Regulamento,https://raw.githubusercontent.com/marcioklipper/brasileirao-bot/main/brasileirao_2025_completo.csv,2026-09-09T16:47:00-03:00,HIGH
Brasileirão Série A,2025,31,2025-11-02,18:30,Juventude,Palmeiras,0,2,,,AWAY,,,,,,,,,,,,,,,,,CBF + fontes públicas de resultados 2025,https://www.cbf.com.br/futebol-brasileiro/tabelas/campeonato-brasileiro/serie-a/2025/1779?documento=Regulamento,https://raw.githubusercontent.com/marcioklipper/brasileirao-bot/main/brasileirao_2025_completo.csv,2026-09-09T16:47:00-03:00,HIGH
Brasileirão Série A,2025,31,2025-11-02,20:30,Vasco da Gama,São Paulo,0,2,,,AWAY,,,,,,,,,,,,,,,,,CBF + fontes públicas de resultados 2025,https://www.cbf.com.br/futebol-brasileiro/tabelas/campeonato-brasileiro/serie-a/2025/1779?documento=Regulamento,https://raw.githubusercontent.com/marcioklipper/brasileirao-bot/main/brasileirao_2025_completo.csv,2026-09-09T16:47:00-03:00,HIGH
Brasileirão Série A,2025,31,2025-11-15,18:30,Sport,Flamengo,1,5,,,AWAY,,,7,36,,,,,4,15,5,3,2,0,,,Sofascore-derived structured public dataset (leoruy-code/estatisticas),https://github.com/leoruy-code/estatisticas/blob/main/data/matches.csv,https://raw.githubusercontent.com/marcioklipper/brasileirao-bot/main/brasileirao_2025_completo.csv,2026-09-09T16:47:00-03:00,MEDIUM
Brasileirão Série A,2025,32,2025-11-05,19:00,Red Bull Bragantino,Corinthians,2,1,,,HOME,,,,,,,,,,,,,,,,,CBF + fontes públicas de resultados 2025,https://www.cbf.com.br/futebol-brasileiro/tabelas/campeonato-brasileiro/serie-a/2025/1779?documento=Regulamento,https://raw.githubusercontent.com/marcioklipper/brasileirao-bot/main/brasileirao_2025_completo.csv,2026-09-09T16:47:00-03:00,HIGH
Brasileirão Série A,2025,32,2025-11-05,19:00,Sport,Juventude,0,2,,,AWAY,,,,,,,,,,,,,,,,,CBF + fontes públicas de resultados 2025,https://www.cbf.com.br/futebol-brasileiro/tabelas/campeonato-brasileiro/serie-a/2025/1779?documento=Regulamento,https://raw.githubusercontent.com/marcioklipper/brasileirao-bot/main/brasileirao_2025_completo.csv,2026-09-09T16:47:00-03:00,HIGH
Brasileirão Série A,2025,32,2025-11-05,19:00,Vitória,Internacional,1,0,,,HOME,,,,,,,,,,,,,,,,,CBF + fontes públicas de resultados 2025,https://www.cbf.com.br/futebol-brasileiro/tabelas/campeonato-brasileiro/serie-a/2025/1779?documento=Regulamento,https://raw.githubusercontent.com/marcioklipper/brasileirao-bot/main/brasileirao_2025_completo.csv,2026-09-09T16:47:00-03:00,HIGH
Brasileirão Série A,2025,32,2025-11-05,19:30,Botafogo,Vasco da Gama,3,0,,,HOME,,,23,12,,,,,8,3,3,2,0,0,,,Sofascore via leoruy-code/estatisticas,https://github.com/leoruy-code/estatisticas/blob/main/data/matches.csv,https://raw.githubusercontent.com/marcioklipper/brasileirao-bot/main/brasileirao_2025_completo.csv,2026-09-09T16:47:00-03:00,MEDIUM
Brasileirão Série A,2025,32,2025-11-05,20:00,Atlético-MG,Bahia,3,0,,,HOME,,,,,,,,,,,,,,,,,CBF + fontes públicas de resultados 2025,https://www.cbf.com.br/futebol-brasileiro/tabelas/campeonato-brasileiro/serie-a/2025/1779?documento=Regulamento,https://raw.githubusercontent.com/marcioklipper/brasileirao-bot/main/brasileirao_2025_completo.csv,2026-09-09T16:47:00-03:00,HIGH
Brasileirão Série A,2025,32,2025-11-05,20:00,Grêmio,Cruzeiro,0,1,,,AWAY,,,,,,,,,,,,,,,,,CBF + fontes públicas de resultados 2025,https://www.cbf.com.br/futebol-brasileiro/tabelas/campeonato-brasileiro/serie-a/2025/1779?documento=Regulamento,https://raw.githubusercontent.com/marcioklipper/brasileirao-bot/main/brasileirao_2025_completo.csv,2026-09-09T16:47:00-03:00,HIGH
Brasileirão Série A,2025,32,2025-11-05,21:30,São Paulo,Flamengo,2,2,,,DRAW,,,,,,,,,,,,,,,,,CBF + fontes públicas de resultados 2025,https://www.cbf.com.br/futebol-brasileiro/tabelas/campeonato-brasileiro/serie-a/2025/1779?documento=Regulamento,https://raw.githubusercontent.com/marcioklipper/brasileirao-bot/main/brasileirao_2025_completo.csv,2026-09-09T16:47:00-03:00,HIGH
Brasileirão Série A,2025,32,2025-11-06,19:30,Fluminense,Mirassol,1,0,,,HOME,,,,,,,,,,,,,,,,,CBF + fontes públicas de resultados 2025,https://www.cbf.com.br/futebol-brasileiro/tabelas/campeonato-brasileiro/serie-a/2025/1779?documento=Regulamento,https://raw.githubusercontent.com/marcioklipper/brasileirao-bot/main/brasileirao_2025_completo.csv,2026-09-09T16:47:00-03:00,HIGH
Brasileirão Série A,2025,32,2025-11-06,20:00,Ceará,Fortaleza,1,1,,,DRAW,,,,,,,,,,,,,,,,,CBF + fontes públicas de resultados 2025,https://www.cbf.com.br/futebol-brasileiro/tabelas/campeonato-brasileiro/serie-a/2025/1779?documento=Regulamento,https://raw.githubusercontent.com/marcioklipper/brasileirao-bot/main/brasileirao_2025_completo.csv,2026-09-09T16:47:00-03:00,HIGH
Brasileirão Série A,2025,32,2025-11-06,21:30,Palmeiras,Santos,2,0,,,HOME,,,,,,,,,,,,,,,,,CBF + fontes públicas de resultados 2025,https://www.cbf.com.br/futebol-brasileiro/tabelas/campeonato-brasileiro/serie-a/2025/1779?documento=Regulamento,https://raw.githubusercontent.com/marcioklipper/brasileirao-bot/main/brasileirao_2025_completo.csv,2026-09-09T16:47:00-03:00,HIGH
Brasileirão Série A,2025,33,2025-11-08,16:00,Sport,Atlético-MG,2,4,,,AWAY,,,,,,,,,,,,,,,,,CBF + fontes públicas de resultados 2025,https://www.cbf.com.br/futebol-brasileiro/tabelas/campeonato-brasileiro/serie-a/2025/1779?documento=Regulamento,https://raw.githubusercontent.com/marcioklipper/brasileirao-bot/main/brasileirao_2025_completo.csv,2026-09-09T16:47:00-03:00,HIGH
Brasileirão Série A,2025,33,2025-11-08,18:00,Vasco da Gama,Juventude,1,3,,,AWAY,,,,,,,,,,,,,,,,,CBF + fontes públicas de resultados 2025,https://www.cbf.com.br/futebol-brasileiro/tabelas/campeonato-brasileiro/serie-a/2025/1779?documento=Regulamento,https://raw.githubusercontent.com/marcioklipper/brasileirao-bot/main/brasileirao_2025_completo.csv,2026-09-09T16:47:00-03:00,HIGH
Brasileirão Série A,2025,33,2025-11-08,18:30,Internacional,Bahia,2,2,,,DRAW,,,,,,,,,,,,,,,,,CBF + fontes públicas de resultados 2025,https://www.cbf.com.br/futebol-brasileiro/tabelas/campeonato-brasileiro/serie-a/2025/1779?documento=Regulamento,https://raw.githubusercontent.com/marcioklipper/brasileirao-bot/main/brasileirao_2025_completo.csv,2026-09-09T16:47:00-03:00,HIGH
Brasileirão Série A,2025,33,2025-11-08,21:00,São Paulo,Red Bull Bragantino,0,1,,,AWAY,,,,,,,,,,,,,,,,,CBF + fontes públicas de resultados 2025,https://www.cbf.com.br/futebol-brasileiro/tabelas/campeonato-brasileiro/serie-a/2025/1779?documento=Regulamento,https://raw.githubusercontent.com/marcioklipper/brasileirao-bot/main/brasileirao_2025_completo.csv,2026-09-09T16:47:00-03:00,HIGH
Brasileirão Série A,2025,33,2025-11-09,16:00,Corinthians,Ceará,0,1,,,AWAY,,,,,,,,,,,,,,,,,CBF + fontes públicas de resultados 2025,https://www.cbf.com.br/futebol-brasileiro/tabelas/campeonato-brasileiro/serie-a/2025/1779?documento=Regulamento,https://raw.githubusercontent.com/marcioklipper/brasileirao-bot/main/brasileirao_2025_completo.csv,2026-09-09T16:47:00-03:00,HIGH
Brasileirão Série A,2025,33,2025-11-09,16:00,Cruzeiro,Fluminense,0,0,,,DRAW,,,,,,,,,,,,,,,,,CBF + fontes públicas de resultados 2025,https://www.cbf.com.br/futebol-brasileiro/tabelas/campeonato-brasileiro/serie-a/2025/1779?documento=Regulamento,https://raw.githubusercontent.com/marcioklipper/brasileirao-bot/main/brasileirao_2025_completo.csv,2026-09-09T16:47:00-03:00,HIGH
Brasileirão Série A,2025,33,2025-11-09,16:00,Vitória,Botafogo,0,0,,,DRAW,,,,,,,,,,,,,,,,,CBF + fontes públicas de resultados 2025,https://www.cbf.com.br/futebol-brasileiro/tabelas/campeonato-brasileiro/serie-a/2025/1779?documento=Regulamento,https://raw.githubusercontent.com/marcioklipper/brasileirao-bot/main/brasileirao_2025_completo.csv,2026-09-09T16:47:00-03:00,HIGH
Brasileirão Série A,2025,33,2025-11-09,18:30,Flamengo,Santos,3,2,,,HOME,,,,,,,,,,,,,,,,,CBF + fontes públicas de resultados 2025,https://www.cbf.com.br/futebol-brasileiro/tabelas/campeonato-brasileiro/serie-a/2025/1779?documento=Regulamento,https://raw.githubusercontent.com/marcioklipper/brasileirao-bot/main/brasileirao_2025_completo.csv,2026-09-09T16:47:00-03:00,HIGH
Brasileirão Série A,2025,33,2025-11-09,20:30,Fortaleza,Grêmio,2,2,,,DRAW,,,,,,,,,,,,,,,,,CBF + fontes públicas de resultados 2025,https://www.cbf.com.br/futebol-brasileiro/tabelas/campeonato-brasileiro/serie-a/2025/1779?documento=Regulamento,https://raw.githubusercontent.com/marcioklipper/brasileirao-bot/main/brasileirao_2025_completo.csv,2026-09-09T16:47:00-03:00,HIGH
Brasileirão Série A,2025,33,2025-11-09,20:30,Mirassol,Palmeiras,2,1,,,HOME,,,,,,,,,,,,,,,,,CBF + fontes públicas de resultados 2025,https://www.cbf.com.br/futebol-brasileiro/tabelas/campeonato-brasileiro/serie-a/2025/1779?documento=Regulamento,https://raw.githubusercontent.com/marcioklipper/brasileirao-bot/main/brasileirao_2025_completo.csv,2026-09-09T16:47:00-03:00,HIGH
Brasileirão Série A,2025,34,2025-11-18,20:30,Botafogo,Sport,3,2,,,HOME,,,,,,,,,,,,,,,,,CBF + fontes públicas de resultados 2025,https://www.cbf.com.br/futebol-brasileiro/tabelas/campeonato-brasileiro/serie-a/2025/1779?documento=Regulamento,https://raw.githubusercontent.com/marcioklipper/brasileirao-bot/main/brasileirao_2025_completo.csv,2026-09-09T16:47:00-03:00,HIGH
Brasileirão Série A,2025,34,2025-11-19,21:30,Fluminense,Flamengo,2,1,,,HOME,,,,,,,,,,,,,,,,,CBF + fontes públicas de resultados 2025,https://www.cbf.com.br/futebol-brasileiro/tabelas/campeonato-brasileiro/serie-a/2025/1779?documento=Regulamento,https://raw.githubusercontent.com/marcioklipper/brasileirao-bot/main/brasileirao_2025_completo.csv,2026-09-09T16:47:00-03:00,HIGH
Brasileirão Série A,2025,34,2025-11-19,21:30,Grêmio,Vasco da Gama,2,0,,,HOME,,,,,,,,,,,,,,,,,CBF + fontes públicas de resultados 2025,https://www.cbf.com.br/futebol-brasileiro/tabelas/campeonato-brasileiro/serie-a/2025/1779?documento=Regulamento,https://raw.githubusercontent.com/marcioklipper/brasileirao-bot/main/brasileirao_2025_completo.csv,2026-09-09T16:47:00-03:00,HIGH
Brasileirão Série A,2025,34,2025-11-19,21:30,Santos,Mirassol,1,1,,,DRAW,,,,,,,,,,,,,,,,,CBF + fontes públicas de resultados 2025,https://www.cbf.com.br/futebol-brasileiro/tabelas/campeonato-brasileiro/serie-a/2025/1779?documento=Regulamento,https://raw.githubusercontent.com/marcioklipper/brasileirao-bot/main/brasileirao_2025_completo.csv,2026-09-09T16:47:00-03:00,HIGH
Brasileirão Série A,2025,34,2025-11-20,16:00,Juventude,Cruzeiro,3,3,,,DRAW,,,,,,,,,,,,,,,,,CBF + fontes públicas de resultados 2025,https://www.cbf.com.br/futebol-brasileiro/tabelas/campeonato-brasileiro/serie-a/2025/1779?documento=Regulamento,https://raw.githubusercontent.com/marcioklipper/brasileirao-bot/main/brasileirao_2025_completo.csv,2026-09-09T16:47:00-03:00,HIGH
Brasileirão Série A,2025,34,2025-11-20,18:00,Bahia,Fortaleza,2,3,,,AWAY,,,,,,,,,,,,,,,,,CBF + fontes públicas de resultados 2025,https://www.cbf.com.br/futebol-brasileiro/tabelas/campeonato-brasileiro/serie-a/2025/1779?documento=Regulamento,https://raw.githubusercontent.com/marcioklipper/brasileirao-bot/main/brasileirao_2025_completo.csv,2026-09-09T16:47:00-03:00,HIGH
Brasileirão Série A,2025,34,2025-11-20,19:30,Corinthians,São Paulo,3,1,,,HOME,,,,,,,,,,,,,,,,,CBF + fontes públicas de resultados 2025,https://www.cbf.com.br/futebol-brasileiro/tabelas/campeonato-brasileiro/serie-a/2025/1779?documento=Regulamento,https://raw.githubusercontent.com/marcioklipper/brasileirao-bot/main/brasileirao_2025_completo.csv,2026-09-09T16:47:00-03:00,HIGH
Brasileirão Série A,2025,34,2025-11-20,21:30,Ceará,Internacional,1,2,,,AWAY,,,,,,,,,,,,,,,,,CBF + fontes públicas de resultados 2025,https://www.cbf.com.br/futebol-brasileiro/tabelas/campeonato-brasileiro/serie-a/2025/1779?documento=Regulamento,https://raw.githubusercontent.com/marcioklipper/brasileirao-bot/main/brasileirao_2025_completo.csv,2026-09-09T16:47:00-03:00,HIGH
Brasileirão Série A,2025,34,2025-12-03,19:00,Red Bull Bragantino,Vitória,4,0,,,HOME,,,,,,,,,,,,,,,,,CBF + fontes públicas de resultados 2025,https://www.cbf.com.br/futebol-brasileiro/tabelas/campeonato-brasileiro/serie-a/2025/1779?documento=Regulamento,https://raw.githubusercontent.com/marcioklipper/brasileirao-bot/main/brasileirao_2025_completo.csv,2026-09-09T16:47:00-03:00,HIGH
Brasileirão Série A,2025,34,2025-12-03,21:30,Atlético-MG,Palmeiras,0,3,,,AWAY,,,33,12,,,,,10,6,1,2,0,1,,,Sofascore via leoruy-code/estatisticas,https://github.com/leoruy-code/estatisticas/blob/main/data/matches.csv,https://raw.githubusercontent.com/marcioklipper/brasileirao-bot/main/brasileirao_2025_completo.csv,2026-09-09T16:47:00-03:00,MEDIUM
Brasileirão Série A,2025,35,2025-11-22,19:30,Botafogo,Grêmio,3,2,,,HOME,,,,,,,,,,,,,,,,,CBF + fontes públicas de resultados 2025,https://www.cbf.com.br/futebol-brasileiro/tabelas/campeonato-brasileiro/serie-a/2025/1779?documento=Regulamento,https://raw.githubusercontent.com/marcioklipper/brasileirao-bot/main/brasileirao_2025_completo.csv,2026-09-09T16:47:00-03:00,HIGH
Brasileirão Série A,2025,35,2025-11-22,21:30,Flamengo,Red Bull Bragantino,3,0,,,HOME,,,,,,,,,,,,,,,,,CBF + fontes públicas de resultados 2025,https://www.cbf.com.br/futebol-brasileiro/tabelas/campeonato-brasileiro/serie-a/2025/1779?documento=Regulamento,https://raw.githubusercontent.com/marcioklipper/brasileirao-bot/main/brasileirao_2025_completo.csv,2026-09-09T16:47:00-03:00,HIGH
Brasileirão Série A,2025,35,2025-11-22,21:30,Palmeiras,Fluminense,0,0,,,DRAW,,,,,,,,,,,,,,,,,CBF + fontes públicas de resultados 2025,https://www.cbf.com.br/futebol-brasileiro/tabelas/campeonato-brasileiro/serie-a/2025/1779?documento=Regulamento,https://raw.githubusercontent.com/marcioklipper/brasileirao-bot/main/brasileirao_2025_completo.csv,2026-09-09T16:47:00-03:00,HIGH
Brasileirão Série A,2025,35,2025-11-23,16:00,Bahia,Vasco da Gama,1,0,,,HOME,,,,,,,,,,,,,,,,,CBF + fontes públicas de resultados 2025,https://www.cbf.com.br/futebol-brasileiro/tabelas/campeonato-brasileiro/serie-a/2025/1779?documento=Regulamento,https://raw.githubusercontent.com/marcioklipper/brasileirao-bot/main/brasileirao_2025_completo.csv,2026-09-09T16:47:00-03:00,HIGH
Brasileirão Série A,2025,35,2025-11-23,16:00,São Paulo,Juventude,2,1,,,HOME,,,,,,,,,,,,,,,,,CBF + fontes públicas de resultados 2025,https://www.cbf.com.br/futebol-brasileiro/tabelas/campeonato-brasileiro/serie-a/2025/1779?documento=Regulamento,https://raw.githubusercontent.com/marcioklipper/brasileirao-bot/main/brasileirao_2025_completo.csv,2026-09-09T16:47:00-03:00,HIGH
Brasileirão Série A,2025,35,2025-11-23,18:30,Sport,Vitória,1,3,,,AWAY,,,,,,,,,,,,,,,,,CBF + fontes públicas de resultados 2025,https://www.cbf.com.br/futebol-brasileiro/tabelas/campeonato-brasileiro/serie-a/2025/1779?documento=Regulamento,https://raw.githubusercontent.com/marcioklipper/brasileirao-bot/main/brasileirao_2025_completo.csv,2026-09-09T16:47:00-03:00,HIGH
Brasileirão Série A,2025,35,2025-11-23,20:30,Cruzeiro,Corinthians,3,0,,,HOME,,,,,,,,,,,,,,,,,CBF + fontes públicas de resultados 2025,https://www.cbf.com.br/futebol-brasileiro/tabelas/campeonato-brasileiro/serie-a/2025/1779?documento=Regulamento,https://raw.githubusercontent.com/marcioklipper/brasileirao-bot/main/brasileirao_2025_completo.csv,2026-09-09T16:47:00-03:00,HIGH
Brasileirão Série A,2025,35,2025-11-24,19:00,Mirassol,Ceará,3,0,,,HOME,,,,,,,,,,,,,,,,,CBF + fontes públicas de resultados 2025,https://www.cbf.com.br/futebol-brasileiro/tabelas/campeonato-brasileiro/serie-a/2025/1779?documento=Regulamento,https://raw.githubusercontent.com/marcioklipper/brasileirao-bot/main/brasileirao_2025_completo.csv,2026-09-09T16:47:00-03:00,HIGH
Brasileirão Série A,2025,35,2025-11-24,21:00,Internacional,Santos,1,1,,,DRAW,,,,,,,,,,,,,,,,,CBF + fontes públicas de resultados 2025,https://www.cbf.com.br/futebol-brasileiro/tabelas/campeonato-brasileiro/serie-a/2025/1779?documento=Regulamento,https://raw.githubusercontent.com/marcioklipper/brasileirao-bot/main/brasileirao_2025_completo.csv,2026-09-09T16:47:00-03:00,HIGH
Brasileirão Série A,2025,35,2025-11-30,18:30,Fortaleza,Atlético-MG,1,0,,,HOME,,,,,,,,,,,,,,,,,CBF + fontes públicas de resultados 2025,https://www.cbf.com.br/futebol-brasileiro/tabelas/campeonato-brasileiro/serie-a/2025/1779?documento=Regulamento,https://raw.githubusercontent.com/marcioklipper/brasileirao-bot/main/brasileirao_2025_completo.csv,2026-09-09T16:47:00-03:00,HIGH
Brasileirão Série A,2025,36,2025-11-25,21:30,Atlético-MG,Flamengo,1,1,,,DRAW,,,8,15,,,,,2,4,3,2,1,0,,,Sofascore via leoruy-code/estatisticas,https://github.com/leoruy-code/estatisticas/blob/main/data/matches.csv,https://raw.githubusercontent.com/marcioklipper/brasileirao-bot/main/brasileirao_2025_completo.csv,2026-09-09T16:47:00-03:00,MEDIUM
Brasileirão Série A,2025,36,2025-11-25,21:30,Grêmio,Palmeiras,3,2,,,HOME,,,,,,,,,,,,,,,,,CBF + fontes públicas de resultados 2025,https://www.cbf.com.br/futebol-brasileiro/tabelas/campeonato-brasileiro/serie-a/2025/1779?documento=Regulamento,https://raw.githubusercontent.com/marcioklipper/brasileirao-bot/main/brasileirao_2025_completo.csv,2026-09-09T16:47:00-03:00,HIGH
Brasileirão Série A,2025,36,2025-11-26,19:00,Red Bull Bragantino,Fortaleza,0,1,,,AWAY,,,,,,,,,,,,,,,,,CBF + fontes públicas de resultados 2025,https://www.cbf.com.br/futebol-brasileiro/tabelas/campeonato-brasileiro/serie-a/2025/1779?documento=Regulamento,https://raw.githubusercontent.com/marcioklipper/brasileirao-bot/main/brasileirao_2025_completo.csv,2026-09-09T16:47:00-03:00,HIGH
Brasileirão Série A,2025,36,2025-11-27,20:30,Fluminense,São Paulo,6,0,,,HOME,,,16,5,,,,,3,4,1,1,0,0,,,Sofascore via leoruy-code/estatisticas,https://github.com/leoruy-code/estatisticas/blob/main/data/matches.csv,https://raw.githubusercontent.com/marcioklipper/brasileirao-bot/main/brasileirao_2025_completo.csv,2026-09-09T16:47:00-03:00,MEDIUM
Brasileirão Série A,2025,36,2025-11-28,19:00,Juventude,Bahia,1,1,,,DRAW,,,18,15,,,,,7,5,2,3,0,0,,,Sofascore via leoruy-code/estatisticas,https://github.com/leoruy-code/estatisticas/blob/main/data/matches.csv,https://raw.githubusercontent.com/marcioklipper/brasileirao-bot/main/brasileirao_2025_completo.csv,2026-09-09T16:47:00-03:00,MEDIUM
Brasileirão Série A,2025,36,2025-11-28,19:30,Vasco da Gama,Internacional,5,1,,,HOME,,,16,14,,,,,3,4,0,1,0,0,,,Sofascore via leoruy-code/estatisticas,https://github.com/leoruy-code/estatisticas/blob/main/data/matches.csv,https://raw.githubusercontent.com/marcioklipper/brasileirao-bot/main/brasileirao_2025_completo.csv,2026-09-09T16:47:00-03:00,MEDIUM
Brasileirão Série A,2025,36,2025-11-28,21:30,Santos,Sport,3,0,,,HOME,,,,,,,,,,,,,,,,,CBF + fontes públicas de resultados 2025,https://www.cbf.com.br/futebol-brasileiro/tabelas/campeonato-brasileiro/serie-a/2025/1779?documento=Regulamento,https://raw.githubusercontent.com/marcioklipper/brasileirao-bot/main/brasileirao_2025_completo.csv,2026-09-09T16:47:00-03:00,HIGH
Brasileirão Série A,2025,36,2025-11-29,16:00,Vitória,Mirassol,2,0,,,HOME,,,,,,,,,,,,,,,,,CBF + fontes públicas de resultados 2025,https://www.cbf.com.br/futebol-brasileiro/tabelas/campeonato-brasileiro/serie-a/2025/1779?documento=Regulamento,https://raw.githubusercontent.com/marcioklipper/brasileirao-bot/main/brasileirao_2025_completo.csv,2026-09-09T16:47:00-03:00,HIGH
Brasileirão Série A,2025,36,2025-11-29,21:00,Ceará,Cruzeiro,1,1,,,DRAW,,,11,13,,,,,5,8,2,4,0,0,,,Sofascore via leoruy-code/estatisticas,https://github.com/leoruy-code/estatisticas/blob/main/data/matches.csv,https://raw.githubusercontent.com/marcioklipper/brasileirao-bot/main/brasileirao_2025_completo.csv,2026-09-09T16:47:00-03:00,MEDIUM
Brasileirão Série A,2025,36,2025-11-30,16:00,Corinthians,Botafogo,2,2,,,DRAW,,,14,8,,,,,7,4,3,5,0,1,,,Sofascore via leoruy-code/estatisticas,https://github.com/leoruy-code/estatisticas/blob/main/data/matches.csv,https://raw.githubusercontent.com/marcioklipper/brasileirao-bot/main/brasileirao_2025_completo.csv,2026-09-09T16:47:00-03:00,MEDIUM
Brasileirão Série A,2025,37,2025-11-16,19:00,Red Bull Bragantino,Atlético-MG,2,0,,,HOME,,,,,,,,,,,,,,,,,CBF + fontes públicas de resultados 2025,https://www.cbf.com.br/futebol-brasileiro/tabelas/campeonato-brasileiro/serie-a/2025/1779?documento=Regulamento,https://raw.githubusercontent.com/marcioklipper/brasileirao-bot/main/brasileirao_2025_completo.csv,2026-09-09T16:47:00-03:00,HIGH
Brasileirão Série A,2025,37,2025-11-19,19:30,Palmeiras,Vitória,0,0,,,DRAW,,,,,,,,,,,,,,,,,CBF + fontes públicas de resultados 2025,https://www.cbf.com.br/futebol-brasileiro/tabelas/campeonato-brasileiro/serie-a/2025/1779?documento=Regulamento,https://raw.githubusercontent.com/marcioklipper/brasileirao-bot/main/brasileirao_2025_completo.csv,2026-09-09T16:47:00-03:00,HIGH
Brasileirão Série A,2025,37,2025-12-02,19:00,Vasco da Gama,Mirassol,0,2,,,AWAY,,,,,,,,,,,,,,,,,CBF + fontes públicas de resultados 2025,https://www.cbf.com.br/futebol-brasileiro/tabelas/campeonato-brasileiro/serie-a/2025/1779?documento=Regulamento,https://raw.githubusercontent.com/marcioklipper/brasileirao-bot/main/brasileirao_2025_completo.csv,2026-09-09T16:47:00-03:00,HIGH
Brasileirão Série A,2025,37,2025-12-02,21:30,Grêmio,Fluminense,1,2,,,AWAY,,,16,6,,,,,10,0,3,1,0,0,,,Sofascore via leoruy-code/estatisticas,https://github.com/leoruy-code/estatisticas/blob/main/data/matches.csv,https://raw.githubusercontent.com/marcioklipper/brasileirao-bot/main/brasileirao_2025_completo.csv,2026-09-09T16:47:00-03:00,MEDIUM
Brasileirão Série A,2025,37,2025-12-03,19:00,Fortaleza,Corinthians,2,1,,,HOME,,,,,,,,,,,,,,,,,CBF + fontes públicas de resultados 2025,https://www.cbf.com.br/futebol-brasileiro/tabelas/campeonato-brasileiro/serie-a/2025/1779?documento=Regulamento,https://raw.githubusercontent.com/marcioklipper/brasileirao-bot/main/brasileirao_2025_completo.csv,2026-09-09T16:47:00-03:00,HIGH
Brasileirão Série A,2025,37,2025-12-03,19:30,Juventude,Santos,0,3,,,AWAY,,,12,10,,,,,5,3,2,2,0,0,,,Sofascore via leoruy-code/estatisticas,https://github.com/leoruy-code/estatisticas/blob/main/data/matches.csv,https://raw.githubusercontent.com/marcioklipper/brasileirao-bot/main/brasileirao_2025_completo.csv,2026-09-09T16:47:00-03:00,MEDIUM
Brasileirão Série A,2025,37,2025-12-03,20:00,Bahia,Sport,2,0,,,HOME,,,,,,,,,,,,,,,,,CBF + fontes públicas de resultados 2025,https://www.cbf.com.br/futebol-brasileiro/tabelas/campeonato-brasileiro/serie-a/2025/1779?documento=Regulamento,https://raw.githubusercontent.com/marcioklipper/brasileirao-bot/main/brasileirao_2025_completo.csv,2026-09-09T16:47:00-03:00,HIGH
Brasileirão Série A,2025,37,2025-12-03,20:00,São Paulo,Internacional,3,0,,,HOME,,,12,15,,,,,4,9,1,2,0,0,,,Sofascore via leoruy-code/estatisticas,https://github.com/leoruy-code/estatisticas/blob/main/data/matches.csv,https://raw.githubusercontent.com/marcioklipper/brasileirao-bot/main/brasileirao_2025_completo.csv,2026-09-09T16:47:00-03:00,MEDIUM
Brasileirão Série A,2025,37,2025-12-03,21:30,Flamengo,Ceará,1,0,,,HOME,,,15,1,,,,,4,3,0,0,0,0,,,Sofascore via leoruy-code/estatisticas,https://github.com/leoruy-code/estatisticas/blob/main/data/matches.csv,https://raw.githubusercontent.com/marcioklipper/brasileirao-bot/main/brasileirao_2025_completo.csv,2026-09-09T16:47:00-03:00,MEDIUM
Brasileirão Série A,2025,37,2025-12-04,19:30,Cruzeiro,Botafogo,2,2,,,DRAW,,,10,8,,,,,1,7,2,2,0,1,,,Sofascore via leoruy-code/estatisticas,https://github.com/leoruy-code/estatisticas/blob/main/data/matches.csv,https://raw.githubusercontent.com/marcioklipper/brasileirao-bot/main/brasileirao_2025_completo.csv,2026-09-09T16:47:00-03:00,MEDIUM
Brasileirão Série A,2025,38,2025-12-06,18:30,Mirassol,Flamengo,3,3,,,DRAW,,,,,,,,,,,,,,,,,CBF + fontes públicas de resultados 2025,https://www.cbf.com.br/futebol-brasileiro/tabelas/campeonato-brasileiro/serie-a/2025/1779?documento=Regulamento,https://raw.githubusercontent.com/marcioklipper/brasileirao-bot/main/brasileirao_2025_completo.csv,2026-09-09T16:47:00-03:00,HIGH
Brasileirão Série A,2025,38,2025-12-07,16:00,Atlético-MG,Vasco da Gama,5,0,,,HOME,,,,,,,,,,,,,,,,,CBF + fontes públicas de resultados 2025,https://www.cbf.com.br/futebol-brasileiro/tabelas/campeonato-brasileiro/serie-a/2025/1779?documento=Regulamento,https://raw.githubusercontent.com/marcioklipper/brasileirao-bot/main/brasileirao_2025_completo.csv,2026-09-09T16:47:00-03:00,HIGH
Brasileirão Série A,2025,38,2025-12-07,16:00,Botafogo,Fortaleza,4,2,,,HOME,,,,,,,,,,,,,,,,,CBF + fontes públicas de resultados 2025,https://www.cbf.com.br/futebol-brasileiro/tabelas/campeonato-brasileiro/serie-a/2025/1779?documento=Regulamento,https://raw.githubusercontent.com/marcioklipper/brasileirao-bot/main/brasileirao_2025_completo.csv,2026-09-09T16:47:00-03:00,HIGH
Brasileirão Série A,2025,38,2025-12-07,16:00,Ceará,Palmeiras,1,3,,,AWAY,,,,,,,,,,,,,,,,,CBF + fontes públicas de resultados 2025,https://www.cbf.com.br/futebol-brasileiro/tabelas/campeonato-brasileiro/serie-a/2025/1779?documento=Regulamento,https://raw.githubusercontent.com/marcioklipper/brasileirao-bot/main/brasileirao_2025_completo.csv,2026-09-09T16:47:00-03:00,HIGH
Brasileirão Série A,2025,38,2025-12-07,16:00,Corinthians,Juventude,1,1,,,DRAW,,,,,,,,,,,,,,,,,CBF + fontes públicas de resultados 2025,https://www.cbf.com.br/futebol-brasileiro/tabelas/campeonato-brasileiro/serie-a/2025/1779?documento=Regulamento,https://raw.githubusercontent.com/marcioklipper/brasileirao-bot/main/brasileirao_2025_completo.csv,2026-09-09T16:47:00-03:00,HIGH
Brasileirão Série A,2025,38,2025-12-07,16:00,Fluminense,Bahia,2,0,,,HOME,,,,,,,,,,,,,,,,,CBF + fontes públicas de resultados 2025,https://www.cbf.com.br/futebol-brasileiro/tabelas/campeonato-brasileiro/serie-a/2025/1779?documento=Regulamento,https://raw.githubusercontent.com/marcioklipper/brasileirao-bot/main/brasileirao_2025_completo.csv,2026-09-09T16:47:00-03:00,HIGH
Brasileirão Série A,2025,38,2025-12-07,16:00,Internacional,Red Bull Bragantino,3,1,,,HOME,,,,,,,,,,,,,,,,,CBF + fontes públicas de resultados 2025,https://www.cbf.com.br/futebol-brasileiro/tabelas/campeonato-brasileiro/serie-a/2025/1779?documento=Regulamento,https://raw.githubusercontent.com/marcioklipper/brasileirao-bot/main/brasileirao_2025_completo.csv,2026-09-09T16:47:00-03:00,HIGH
Brasileirão Série A,2025,38,2025-12-07,16:00,Santos,Cruzeiro,3,0,,,HOME,,,,,,,,,,,,,,,,,CBF + fontes públicas de resultados 2025,https://www.cbf.com.br/futebol-brasileiro/tabelas/campeonato-brasileiro/serie-a/2025/1779?documento=Regulamento,https://raw.githubusercontent.com/marcioklipper/brasileirao-bot/main/brasileirao_2025_completo.csv,2026-09-09T16:47:00-03:00,HIGH
Brasileirão Série A,2025,38,2025-12-07,16:00,Sport,Grêmio,0,4,,,AWAY,,,,,,,,,,,,,,,,,CBF + fontes públicas de resultados 2025,https://www.cbf.com.br/futebol-brasileiro/tabelas/campeonato-brasileiro/serie-a/2025/1779?documento=Regulamento,https://raw.githubusercontent.com/marcioklipper/brasileirao-bot/main/brasileirao_2025_completo.csv,2026-09-09T16:47:00-03:00,HIGH
Brasileirão Série A,2025,38,2025-12-07,16:00,Vitória,São Paulo,1,0,,,HOME,,,,,,,,,,,,,,,,,CBF + fontes públicas de resultados 2025,https://www.cbf.com.br/futebol-brasileiro/tabelas/campeonato-brasileiro/serie-a/2025/1779?documento=Regulamento,https://raw.githubusercontent.com/marcioklipper/brasileirao-bot/main/brasileirao_2025_completo.csv,2026-09-09T16:47:00-03:00,HIGH
